market,date,observed,coverage,deficit_to_90pct,unobserved_minutes,gap_count,theoretical_gap_page_calls
KRW-TRUMP,2026-08-20,1288,0.8944444444444445,8,152,67,67
KRW-SUI,2026-08-20,1285,0.8923611111111112,11,155,118,118
KRW-WLD,2026-08-26,1237,0.8590277777777777,59,203,144,144
KRW-ONG,2026-08-20,1287,0.89375,9,153,106,106
KRW-ONG,2026-08-24,1230,0.8541666666666666,66,210,141,141
KRW-RE,2026-08-21,1264,0.8777777777777778,32,176,109,109
KRW-RE,2026-08-23,1295,0.8993055555555556,1,145,97,97
KRW-RE,2026-08-24,1222,0.8486111111111111,74,218,116,116
KRW-RE,2026-08-25,1252,0.8694444444444445,44,188,116,116
KRW-RE,2026-08-26,1264,0.8777777777777778,32,176,113,113
KRW-GRVT,2026-08-25,1238,0.8597222222222223,58,202,153,153
KRW-GRVT,2026-08-26,1095,0.7604166666666666,201,345,178,178
KRW-LINK,2026-08-23,1216,0.8444444444444444,80,224,143,143
KRW-LINK,2026-08-24,1291,0.8965277777777778,5,149,112,112
KRW-LINK,2026-08-25,1248,0.8666666666666667,48,192,146,146
KRW-LINK,2026-08-26,1164,0.8083333333333333,132,276,192,192
KRW-ENA,2026-08-20,987,0.6854166666666667,309,453,215,215
KRW-ENA,2026-08-26,1143,0.79375,153,297,201,201
KRW-NEAR,2026-08-20,1126,0.7819444444444444,170,314,198,198
KRW-NEAR,2026-08-23,1233,0.85625,63,207,154,154
KRW-NEAR,2026-08-24,1265,0.8784722222222222,31,175,114,114
KRW-NEAR,2026-08-25,1282,0.8902777777777777,14,158,115,115
KRW-NEAR,2026-08-26,1086,0.7541666666666667,210,354,226,226
KRW-STX,2026-08-20,879,0.6104166666666667,417,561,275,275
KRW-STX,2026-08-21,1132,0.7861111111111111,164,308,169,169
KRW-STX,2026-08-24,1236,0.8583333333333333,60,204,149,149
KRW-STX,2026-08-25,1279,0.8881944444444444,17,161,122,122
KRW-PROM,2026-08-20,1174,0.8152777777777778,122,266,158,158
KRW-PROM,2026-08-21,1198,0.8319444444444445,98,242,152,152
KRW-PROM,2026-08-23,955,0.6631944444444444,341,485,190,190
KRW-PROM,2026-08-24,1169,0.8118055555555556,127,271,108,108
KRW-PUMP,2026-08-20,1164,0.8083333333333333,132,276,160,160
KRW-PUMP,2026-08-22,1261,0.8756944444444444,35,179,112,112
KRW-PUMP,2026-08-24,1133,0.7868055555555555,163,307,214,214
KRW-PUMP,2026-08-25,1086,0.7541666666666667,210,354,220,220
KRW-PUMP,2026-08-26,1133,0.7868055555555555,163,307,195,195
KRW-SLX,2026-08-20,1183,0.8215277777777777,113,257,159,159
KRW-SLX,2026-08-21,1261,0.8756944444444444,35,179,132,132
KRW-SLX,2026-08-22,1272,0.8833333333333333,24,168,131,131
KRW-SLX,2026-08-23,1138,0.7902777777777777,158,302,188,188
KRW-SLX,2026-08-24,1045,0.7256944444444444,251,395,223,223
KRW-SLX,2026-08-25,1151,0.7993055555555556,145,289,115,115
KRW-BCH,2026-08-20,1184,0.8222222222222222,112,256,169,169
KRW-BCH,2026-08-23,1132,0.7861111111111111,164,308,189,189
KRW-BCH,2026-08-24,1097,0.7618055555555555,199,343,210,210
KRW-BCH,2026-08-25,1172,0.8138888888888889,124,268,185,185
KRW-BCH,2026-08-26,963,0.66875,333,477,261,261
KRW-DOS,2026-08-22,1248,0.8666666666666667,48,192,131,131
KRW-DOS,2026-08-23,902,0.6263888888888889,394,538,272,272
KRW-DOS,2026-08-24,1081,0.7506944444444444,215,359,182,182
KRW-DOS,2026-08-25,1143,0.79375,153,297,166,166
KRW-DOS,2026-08-26,1140,0.7916666666666666,156,300,181,181
KRW-EUL,2026-08-20,1173,0.8145833333333333,123,267,158,158
KRW-EUL,2026-08-21,1145,0.7951388888888888,151,295,175,175
KRW-EUL,2026-08-22,1073,0.7451388888888889,223,367,227,227
KRW-EUL,2026-08-23,997,0.6923611111111111,299,443,166,166
KRW-EUL,2026-08-24,1118,0.7763888888888889,178,322,176,176
KRW-EUL,2026-08-25,1169,0.8118055555555556,127,271,152,152
KRW-EUL,2026-08-26,1231,0.8548611111111111,65,209,116,116
KRW-SAND,2026-08-20,818,0.5680555555555555,478,622,272,272
KRW-SAND,2026-08-21,1067,0.7409722222222223,229,373,205,205
KRW-SAND,2026-08-22,1271,0.8826388888888889,25,169,111,111
KRW-SAND,2026-08-23,1118,0.7763888888888889,178,322,184,184
KRW-SAND,2026-08-24,1154,0.8013888888888889,142,286,144,144
KRW-SAND,2026-08-26,1116,0.775,180,324,208,208
KRW-HOME,2026-08-21,1252,0.8694444444444445,44,188,143,143
KRW-HOME,2026-08-22,1273,0.8840277777777777,23,167,119,119
KRW-HOME,2026-08-23,1058,0.7347222222222223,238,382,178,178
KRW-HOME,2026-08-24,979,0.6798611111111111,317,461,219,219
KRW-HOME,2026-08-25,973,0.6756944444444445,323,467,266,266
KRW-HOME,2026-08-26,1007,0.6993055555555555,289,433,199,199
KRW-ETC,2026-08-20,1171,0.8131944444444444,125,269,164,164
KRW-ETC,2026-08-21,1235,0.8576388888888888,61,205,149,149
KRW-ETC,2026-08-23,1093,0.7590277777777777,203,347,227,227
KRW-ETC,2026-08-24,1035,0.71875,261,405,238,238
KRW-ETC,2026-08-25,1043,0.7243055555555555,253,397,229,229
KRW-ETC,2026-08-26,920,0.6388888888888888,376,520,280,280
KRW-KAITO,2026-08-20,1213,0.8423611111111111,83,227,165,165
KRW-KAITO,2026-08-21,1295,0.8993055555555556,1,145,108,108
KRW-KAITO,2026-08-23,1106,0.7680555555555556,190,334,197,197
KRW-KAITO,2026-08-24,990,0.6875,306,450,264,264
KRW-KAITO,2026-08-25,819,0.56875,477,621,288,288
KRW-KAITO,2026-08-26,928,0.6444444444444445,368,512,284,284
KRW-CAP,2026-08-22,1209,0.8395833333333333,87,231,131,131
KRW-CAP,2026-08-23,1045,0.7256944444444444,251,395,212,212
KRW-CAP,2026-08-24,1018,0.7069444444444445,278,422,234,234
KRW-CAP,2026-08-25,790,0.5486111111111112,506,650,283,283
KRW-CAP,2026-08-26,960,0.6666666666666666,336,480,247,247
KRW-ENS,2026-08-20,933,0.6479166666666667,363,507,252,252
KRW-ENS,2026-08-21,1154,0.8013888888888889,142,286,165,165
KRW-ENS,2026-08-23,1134,0.7875,162,306,168,168
KRW-ENS,2026-08-24,1036,0.7194444444444444,260,404,215,215
KRW-ENS,2026-08-25,992,0.6888888888888889,304,448,214,214
KRW-ENS,2026-08-26,1056,0.7333333333333333,240,384,201,201
KRW-ONT,2026-08-20,689,0.47847222222222224,607,751,270,270
KRW-ONT,2026-08-22,1255,0.8715277777777778,41,185,121,121
KRW-ONT,2026-08-23,929,0.6451388888888889,367,511,191,191
KRW-ONT,2026-08-24,884,0.6138888888888889,412,556,235,235
KRW-ONT,2026-08-25,1160,0.8055555555555556,136,280,131,131
KRW-PEPE,2026-08-20,1080,0.75,216,360,170,170
KRW-PEPE,2026-08-21,1208,0.8388888888888889,88,232,173,173
KRW-PEPE,2026-08-23,1055,0.7326388888888888,241,385,231,231
KRW-PEPE,2026-08-24,935,0.6493055555555556,361,505,266,266
KRW-PEPE,2026-08-25,1017,0.70625,279,423,250,250
KRW-PEPE,2026-08-26,876,0.6083333333333333,420,564,272,272
KRW-VIRTUAL,2026-08-20,1074,0.7458333333333333,222,366,206,206
KRW-VIRTUAL,2026-08-21,1098,0.7625,198,342,199,199
KRW-VIRTUAL,2026-08-22,1168,0.8111111111111111,128,272,179,179
KRW-VIRTUAL,2026-08-23,836,0.5805555555555556,460,604,267,267
KRW-VIRTUAL,2026-08-24,1006,0.6986111111111111,290,434,210,210
KRW-VIRTUAL,2026-08-25,1269,0.88125,27,171,140,140
KRW-VIRTUAL,2026-08-26,1011,0.7020833333333333,285,429,252,252
KRW-PRL,2026-08-23,1031,0.7159722222222222,265,409,225,225
KRW-PRL,2026-08-24,921,0.6395833333333333,375,519,268,268
KRW-PRL,2026-08-25,794,0.5513888888888889,502,646,286,286
KRW-PRL,2026-08-26,754,0.5236111111111111,542,686,297,297
KRW-AVAX,2026-08-20,1081,0.7506944444444444,215,359,227,227
KRW-AVAX,2026-08-21,1247,0.8659722222222223,49,193,138,138
KRW-AVAX,2026-08-23,987,0.6854166666666667,309,453,238,238
KRW-AVAX,2026-08-24,970,0.6736111111111112,326,470,256,256
KRW-AVAX,2026-08-25,948,0.6583333333333333,348,492,268,268
KRW-AVAX,2026-08-26,856,0.5944444444444444,440,584,300,300
KRW-PENGU,2026-08-20,1111,0.7715277777777778,185,329,172,172
KRW-PENGU,2026-08-21,1156,0.8027777777777778,140,284,199,199
KRW-PENGU,2026-08-22,1217,0.8451388888888889,79,223,157,157
KRW-PENGU,2026-08-23,846,0.5875,450,594,273,273
KRW-PENGU,2026-08-24,1155,0.8020833333333334,141,285,173,173
KRW-PENGU,2026-08-25,1054,0.7319444444444444,242,386,198,198
KRW-PENGU,2026-08-26,778,0.5402777777777777,518,662,293,293
KRW-LA,2026-08-20,1280,0.8888888888888888,16,160,124,124
KRW-LA,2026-08-21,1244,0.8638888888888889,52,196,131,131
KRW-LA,2026-08-22,1212,0.8416666666666667,84,228,144,144
KRW-LA,2026-08-23,976,0.6777777777777778,320,464,228,228
KRW-LA,2026-08-24,827,0.5743055555555555,469,613,271,271
KRW-LA,2026-08-25,919,0.6381944444444444,377,521,241,241
KRW-LA,2026-08-26,841,0.5840277777777778,455,599,252,252
KRW-WLFI,2026-08-20,835,0.5798611111111112,461,605,281,281
KRW-WLFI,2026-08-21,850,0.5902777777777778,446,590,278,278
KRW-WLFI,2026-08-22,1244,0.8638888888888889,52,196,109,109
KRW-WLFI,2026-08-24,1148,0.7972222222222223,148,292,208,208
KRW-WLFI,2026-08-25,964,0.6694444444444444,332,476,252,252
KRW-WLFI,2026-08-26,944,0.6555555555555556,352,496,258,258
KRW-GAS,2026-08-20,684,0.475,612,756,266,266
KRW-GAS,2026-08-21,1260,0.875,36,180,112,112
KRW-GAS,2026-08-22,1272,0.8833333333333333,24,168,106,106
KRW-GAS,2026-08-23,1030,0.7152777777777778,266,410,212,212
KRW-GAS,2026-08-24,1018,0.7069444444444445,278,422,200,200
KRW-GAS,2026-08-25,1016,0.7055555555555556,280,424,209,209
KRW-GAS,2026-08-26,961,0.6673611111111111,335,479,242,242
KRW-MOVE,2026-08-20,952,0.6611111111111111,344,488,260,260
KRW-MOVE,2026-08-21,1050,0.7291666666666666,246,390,196,196
KRW-MOVE,2026-08-22,1231,0.8548611111111111,65,209,117,117
KRW-MOVE,2026-08-23,1283,0.8909722222222223,13,157,120,120
KRW-MOVE,2026-08-24,966,0.6708333333333333,330,474,257,257
KRW-MOVE,2026-08-25,657,0.45625,639,783,291,291
KRW-MOVE,2026-08-26,1034,0.7180555555555556,262,406,145,145
KRW-AAVE,2026-08-20,840,0.5833333333333334,456,600,277,277
KRW-AAVE,2026-08-21,1014,0.7041666666666667,282,426,218,218
KRW-AAVE,2026-08-22,1242,0.8625,54,198,130,130
KRW-AAVE,2026-08-23,1062,0.7375,234,378,230,230
KRW-AAVE,2026-08-24,1192,0.8277777777777777,104,248,165,165
KRW-AAVE,2026-08-25,1024,0.7111111111111111,272,416,238,238
KRW-AAVE,2026-08-26,791,0.5493055555555556,505,649,299,299
KRW-HBAR,2026-08-20,1074,0.7458333333333333,222,366,218,218
KRW-HBAR,2026-08-21,1150,0.7986111111111112,146,290,200,200
KRW-HBAR,2026-08-22,1222,0.8486111111111111,74,218,131,131
KRW-HBAR,2026-08-23,924,0.6416666666666667,372,516,270,270
KRW-HBAR,2026-08-24,905,0.6284722222222222,391,535,264,264
KRW-HBAR,2026-08-25,961,0.6673611111111111,335,479,249,249
KRW-HBAR,2026-08-26,877,0.6090277777777777,419,563,297,297
KRW-UNI,2026-08-20,959,0.6659722222222222,337,481,264,264
KRW-UNI,2026-08-21,1004,0.6972222222222222,292,436,236,236
KRW-UNI,2026-08-22,1176,0.8166666666666667,120,264,162,162
KRW-UNI,2026-08-23,1014,0.7041666666666667,282,426,226,226
KRW-UNI,2026-08-24,993,0.6895833333333333,303,447,235,235
KRW-UNI,2026-08-25,853,0.5923611111111111,443,587,299,299
KRW-UNI,2026-08-26,741,0.5145833333333333,555,699,311,311
KRW-QUID,2026-08-20,1022,0.7097222222222223,274,418,219,219
KRW-QUID,2026-08-21,1007,0.6993055555555555,289,433,231,231
KRW-QUID,2026-08-22,965,0.6701388888888888,331,475,253,253
KRW-QUID,2026-08-23,732,0.5083333333333333,564,708,264,264
KRW-QUID,2026-08-24,1020,0.7083333333333334,276,420,169,169
KRW-QUID,2026-08-25,1000,0.6944444444444444,296,440,235,235
KRW-QUID,2026-08-26,744,0.5166666666666667,552,696,269,269
KRW-ZRO,2026-08-20,718,0.4986111111111111,578,722,280,280
KRW-ZRO,2026-08-21,934,0.6486111111111111,362,506,203,203
KRW-ZRO,2026-08-22,890,0.6180555555555556,406,550,273,273
KRW-ZRO,2026-08-23,1165,0.8090277777777778,131,275,149,149
KRW-ZRO,2026-08-24,744,0.5166666666666667,552,696,276,276
KRW-ZRO,2026-08-25,727,0.5048611111111111,569,713,256,256
KRW-JTO,2026-08-20,796,0.5527777777777778,500,644,277,277
KRW-JTO,2026-08-21,1021,0.7090277777777778,275,419,222,222
KRW-JTO,2026-08-22,1071,0.74375,225,369,237,237
KRW-JTO,2026-08-23,783,0.54375,513,657,276,276
KRW-JTO,2026-08-24,788,0.5472222222222223,508,652,263,263
KRW-JTO,2026-08-25,1063,0.7381944444444445,233,377,214,214
KRW-JTO,2026-08-26,911,0.6326388888888889,385,529,267,267
KRW-POL,2026-08-20,702,0.4875,594,738,284,284
KRW-POL,2026-08-21,941,0.6534722222222222,355,499,265,265
KRW-POL,2026-08-22,1054,0.7319444444444444,242,386,176,176
KRW-POL,2026-08-23,936,0.65,360,504,283,283
KRW-POL,2026-08-24,839,0.5826388888888889,457,601,268,268
KRW-POL,2026-08-25,960,0.6666666666666666,336,480,250,250
KRW-POL,2026-08-26,960,0.6666666666666666,336,480,263,263
KRW-CHIP,2026-08-20,987,0.6854166666666667,309,453,240,240
KRW-CHIP,2026-08-21,1081,0.7506944444444444,215,359,203,203
KRW-CHIP,2026-08-22,965,0.6701388888888888,331,475,253,253
KRW-CHIP,2026-08-23,880,0.6111111111111112,416,560,214,214
KRW-CHIP,2026-08-24,992,0.6888888888888889,304,448,241,241
KRW-CHIP,2026-08-25,777,0.5395833333333333,519,663,284,284
KRW-CHIP,2026-08-26,658,0.45694444444444443,638,782,283,283
KRW-SEI,2026-08-20,856,0.5944444444444444,440,584,302,302
KRW-SEI,2026-08-21,973,0.6756944444444445,323,467,238,238
KRW-SEI,2026-08-22,1111,0.7715277777777778,185,329,189,189
KRW-SEI,2026-08-23,841,0.5840277777777778,455,599,292,292
KRW-SEI,2026-08-24,868,0.6027777777777777,428,572,285,285
KRW-SEI,2026-08-25,844,0.5861111111111111,452,596,293,293
KRW-SEI,2026-08-26,699,0.48541666666666666,597,741,289,289
KRW-AXS,2026-08-20,874,0.6069444444444444,422,566,256,256
KRW-AXS,2026-08-21,1028,0.7138888888888889,268,412,211,211
KRW-AXS,2026-08-22,1089,0.75625,207,351,189,189
KRW-AXS,2026-08-23,835,0.5798611111111112,461,605,254,254
KRW-AXS,2026-08-24,754,0.5236111111111111,542,686,281,281
KRW-AXS,2026-08-25,775,0.5381944444444444,521,665,292,292
KRW-AXS,2026-08-26,706,0.49027777777777776,590,734,294,294
KRW-APT,2026-08-20,745,0.5173611111111112,551,695,298,298
KRW-APT,2026-08-21,1028,0.7138888888888889,268,412,210,210
KRW-APT,2026-08-22,1037,0.7201388888888889,259,403,224,224
KRW-APT,2026-08-23,737,0.5118055555555555,559,703,283,283
KRW-APT,2026-08-24,812,0.5638888888888889,484,628,261,261
KRW-APT,2026-08-25,841,0.5840277777777778,455,599,287,287
KRW-APT,2026-08-26,848,0.5888888888888889,448,592,279,279
KRW-XPL,2026-08-20,625,0.4340277777777778,671,815,299,299
KRW-XPL,2026-08-21,987,0.6854166666666667,309,453,238,238
KRW-XPL,2026-08-22,1030,0.7152777777777778,266,410,224,224
KRW-XPL,2026-08-23,790,0.5486111111111112,506,650,245,245
KRW-XPL,2026-08-24,990,0.6875,306,450,251,251
KRW-XPL,2026-08-25,781,0.5423611111111111,515,659,292,292
KRW-XPL,2026-08-26,823,0.5715277777777777,473,617,276,276
KRW-B3,2026-08-20,641,0.44513888888888886,655,799,252,252
KRW-B3,2026-08-21,796,0.5527777777777778,500,644,252,252
KRW-B3,2026-08-22,1024,0.7111111111111111,272,416,207,207
KRW-B3,2026-08-23,945,0.65625,351,495,184,184
KRW-B3,2026-08-24,994,0.6902777777777778,302,446,194,194
KRW-B3,2026-08-25,978,0.6791666666666667,318,462,235,235
KRW-B3,2026-08-26,614,0.4263888888888889,682,826,263,263
KRW-PIEVERSE,2026-08-20,944,0.6555555555555556,352,496,237,237
KRW-PIEVERSE,2026-08-21,851,0.5909722222222222,445,589,199,199
KRW-PIEVERSE,2026-08-22,1146,0.7958333333333333,150,294,199,199
KRW-PIEVERSE,2026-08-23,703,0.48819444444444443,593,737,289,289
KRW-PIEVERSE,2026-08-24,735,0.5104166666666666,561,705,218,218
KRW-PIEVERSE,2026-08-25,840,0.5833333333333334,456,600,282,282
KRW-PIEVERSE,2026-08-26,772,0.5361111111111111,524,668,278,278
KRW-ZORA,2026-08-20,359,0.24930555555555556,937,1081,212,212
KRW-ZORA,2026-08-21,835,0.5798611111111112,461,605,203,203
KRW-ZORA,2026-08-23,828,0.575,468,612,226,226
KRW-ZORA,2026-08-24,1147,0.7965277777777777,149,293,198,198
KRW-ZORA,2026-08-25,796,0.5527777777777778,500,644,297,297
KRW-ZORA,2026-08-26,672,0.4666666666666667,624,768,304,304
KRW-DATA,2026-08-20,768,0.5333333333333333,528,672,280,280
KRW-DATA,2026-08-21,924,0.6416666666666667,372,516,263,263
KRW-DATA,2026-08-22,1062,0.7375,234,378,217,217
KRW-DATA,2026-08-23,802,0.5569444444444445,494,638,253,253
KRW-DATA,2026-08-24,856,0.5944444444444444,440,584,269,269
KRW-DATA,2026-08-25,853,0.5923611111111111,443,587,238,238
KRW-DATA,2026-08-26,636,0.44166666666666665,660,804,295,295
KRW-MMT,2026-08-20,936,0.65,360,504,281,281
KRW-MMT,2026-08-21,937,0.6506944444444445,359,503,275,275
KRW-MMT,2026-08-22,1049,0.7284722222222222,247,391,224,224
KRW-MMT,2026-08-23,785,0.5451388888888888,511,655,291,291
KRW-MMT,2026-08-24,823,0.5715277777777777,473,617,306,306
KRW-MMT,2026-08-25,692,0.48055555555555557,604,748,278,278
KRW-MMT,2026-08-26,669,0.46458333333333335,627,771,278,278
KRW-ME,2026-08-20,529,0.36736111111111114,767,911,274,274
KRW-ME,2026-08-21,777,0.5395833333333333,519,663,238,238
KRW-ME,2026-08-22,1081,0.7506944444444444,215,359,175,175
KRW-ME,2026-08-23,806,0.5597222222222222,490,634,271,271
KRW-ME,2026-08-24,959,0.6659722222222222,337,481,236,236
KRW-ME,2026-08-25,1038,0.7208333333333333,258,402,244,244
KRW-ME,2026-08-26,663,0.46041666666666664,633,777,303,303
KRW-TAO,2026-08-20,750,0.5208333333333334,546,690,278,278
KRW-TAO,2026-08-21,906,0.6291666666666667,390,534,286,286
KRW-TAO,2026-08-22,1031,0.7159722222222222,265,409,230,230
KRW-TAO,2026-08-23,814,0.5652777777777778,482,626,291,291
KRW-TAO,2026-08-24,933,0.6479166666666667,363,507,275,275
KRW-TAO,2026-08-25,781,0.5423611111111111,515,659,304,304
KRW-TAO,2026-08-26,597,0.41458333333333336,699,843,291,291
KRW-TRAC,2026-08-20,402,0.2791666666666667,894,1038,203,203
KRW-TRAC,2026-08-21,455,0.3159722222222222,841,985,244,244
KRW-TRAC,2026-08-22,576,0.4,720,864,231,231
KRW-TRAC,2026-08-23,981,0.68125,315,459,73,73
KRW-TRAC,2026-08-25,1118,0.7763888888888889,178,322,193,193
KRW-TRAC,2026-08-26,846,0.5875,450,594,244,244
KRW-HOLO,2026-08-20,835,0.5798611111111112,461,605,291,291
KRW-HOLO,2026-08-21,1044,0.725,252,396,217,217
KRW-HOLO,2026-08-22,946,0.6569444444444444,350,494,249,249
KRW-HOLO,2026-08-23,591,0.41041666666666665,705,849,291,291
KRW-HOLO,2026-08-24,498,0.3458333333333333,798,942,251,251
KRW-HOLO,2026-08-25,914,0.6347222222222222,382,526,236,236
KRW-HOLO,2026-08-26,843,0.5854166666666667,453,597,270,270
KRW-XEC,2026-08-20,1074,0.7458333333333333,222,366,132,132
KRW-XEC,2026-08-21,1033,0.7173611111111111,263,407,237,237
KRW-XEC,2026-08-22,976,0.6777777777777778,320,464,244,244
KRW-XEC,2026-08-23,728,0.5055555555555555,568,712,290,290
KRW-XEC,2026-08-24,546,0.37916666666666665,750,894,287,287
KRW-XEC,2026-08-25,637,0.4423611111111111,659,803,281,281
KRW-XEC,2026-08-26,625,0.4340277777777778,671,815,276,276
KRW-SC,2026-08-20,348,0.24166666666666667,948,1092,214,214
KRW-SC,2026-08-21,490,0.3402777777777778,806,950,279,279
KRW-SC,2026-08-22,875,0.6076388888888888,421,565,185,185
KRW-SC,2026-08-24,1050,0.7291666666666666,246,390,222,222
KRW-SC,2026-08-25,837,0.58125,459,603,243,243
KRW-SC,2026-08-26,703,0.48819444444444443,593,737,265,265
KRW-TREE,2026-08-21,1188,0.825,108,252,167,167
KRW-TREE,2026-08-22,1033,0.7173611111111111,263,407,235,235
KRW-TREE,2026-08-23,605,0.4201388888888889,691,835,281,281
KRW-TREE,2026-08-24,514,0.35694444444444445,782,926,291,291
KRW-TREE,2026-08-25,424,0.29444444444444445,872,1016,256,256
KRW-TREE,2026-08-26,468,0.325,828,972,270,270
KRW-RED,2026-08-20,1183,0.8215277777777777,113,257,136,136
KRW-RED,2026-08-21,1054,0.7319444444444444,242,386,239,239
KRW-RED,2026-08-22,1016,0.7055555555555556,280,424,227,227
KRW-RED,2026-08-23,606,0.42083333333333334,690,834,250,250
KRW-RED,2026-08-24,479,0.3326388888888889,817,961,241,241
KRW-RED,2026-08-25,552,0.38333333333333336,744,888,249,249
KRW-RED,2026-08-26,592,0.4111111111111111,704,848,267,267
KRW-DRV,2026-08-20,354,0.24583333333333332,942,1086,235,235
KRW-DRV,2026-08-21,932,0.6472222222222223,364,508,98,98
KRW-DRV,2026-08-22,682,0.4736111111111111,614,758,262,262
KRW-DRV,2026-08-23,422,0.29305555555555557,874,1018,214,214
KRW-DRV,2026-08-24,1057,0.7340277777777777,239,383,141,141
KRW-DRV,2026-08-25,1222,0.8486111111111111,74,218,154,154
KRW-DRV,2026-08-26,805,0.5590277777777778,491,635,227,227
KRW-SAHARA,2026-08-20,733,0.5090277777777777,563,707,273,273
KRW-SAHARA,2026-08-21,894,0.6208333333333333,402,546,243,243
KRW-SAHARA,2026-08-22,1054,0.7319444444444444,242,386,200,200
KRW-SAHARA,2026-08-23,784,0.5444444444444444,512,656,254,254
KRW-SAHARA,2026-08-24,735,0.5104166666666666,561,705,271,271
KRW-SAHARA,2026-08-25,667,0.46319444444444446,629,773,275,275
KRW-SAHARA,2026-08-26,606,0.42083333333333334,690,834,301,301
KRW-CRO,2026-08-20,792,0.55,504,648,246,246
KRW-CRO,2026-08-21,825,0.5729166666666666,471,615,277,277
KRW-CRO,2026-08-22,1059,0.7354166666666667,237,381,174,174
KRW-CRO,2026-08-23,790,0.5486111111111112,506,650,271,271
KRW-CRO,2026-08-24,736,0.5111111111111111,560,704,283,283
KRW-CRO,2026-08-25,642,0.44583333333333336,654,798,290,290
KRW-CRO,2026-08-26,527,0.3659722222222222,769,913,239,239
KRW-ARX,2026-08-20,612,0.425,684,828,303,303
KRW-ARX,2026-08-21,922,0.6402777777777777,374,518,253,253
KRW-ARX,2026-08-22,860,0.5972222222222222,436,580,268,268
KRW-ARX,2026-08-23,831,0.5770833333333333,465,609,221,221
KRW-ARX,2026-08-24,774,0.5375,522,666,259,259
KRW-ARX,2026-08-25,729,0.50625,567,711,309,309
KRW-ARX,2026-08-26,549,0.38125,747,891,280,280
KRW-FIL,2026-08-20,737,0.5118055555555555,559,703,291,291
KRW-FIL,2026-08-21,953,0.6618055555555555,343,487,259,259
KRW-FIL,2026-08-22,933,0.6479166666666667,363,507,217,217
KRW-FIL,2026-08-23,723,0.5020833333333333,573,717,299,299
KRW-FIL,2026-08-24,590,0.4097222222222222,706,850,315,315
KRW-FIL,2026-08-25,670,0.4652777777777778,626,770,294,294
KRW-FIL,2026-08-26,664,0.46111111111111114,632,776,287,287
KRW-ICX,2026-08-20,728,0.5055555555555555,568,712,134,134
KRW-ICX,2026-08-21,1141,0.7923611111111111,155,299,207,207
KRW-ICX,2026-08-22,942,0.6541666666666667,354,498,237,237
KRW-ICX,2026-08-23,539,0.37430555555555556,757,901,257,257
KRW-ICX,2026-08-24,618,0.42916666666666664,678,822,263,263
KRW-ICX,2026-08-25,535,0.3715277777777778,761,905,260,260
KRW-ICX,2026-08-26,753,0.5229166666666667,543,687,212,212
KRW-SNT,2026-08-20,724,0.5027777777777778,572,716,274,274
KRW-SNT,2026-08-21,1052,0.7305555555555555,244,388,156,156
KRW-SNT,2026-08-22,927,0.64375,369,513,252,252
KRW-SNT,2026-08-23,416,0.28888888888888886,880,1024,238,238
KRW-SNT,2026-08-24,409,0.28402777777777777,887,1031,242,242
KRW-SNT,2026-08-25,499,0.34652777777777777,797,941,177,177
KRW-SNT,2026-08-26,1173,0.8145833333333333,123,267,136,136
KRW-PYTH,2026-08-20,492,0.3416666666666667,804,948,266,266
KRW-PYTH,2026-08-21,731,0.5076388888888889,565,709,231,231
KRW-PYTH,2026-08-22,904,0.6277777777777778,392,536,230,230
KRW-PYTH,2026-08-23,794,0.5513888888888889,502,646,288,288
KRW-PYTH,2026-08-24,635,0.4409722222222222,661,805,288,288
KRW-PYTH,2026-08-25,635,0.4409722222222222,661,805,268,268
KRW-PYTH,2026-08-26,924,0.6416666666666667,372,516,205,205
KRW-MANTRA,2026-08-20,435,0.3020833333333333,861,1005,235,235
KRW-MANTRA,2026-08-21,1024,0.7111111111111111,272,416,144,144
KRW-MANTRA,2026-08-22,1005,0.6979166666666666,291,435,203,203
KRW-MANTRA,2026-08-23,560,0.3888888888888889,736,880,235,235
KRW-MANTRA,2026-08-24,706,0.49027777777777776,590,734,242,242
KRW-MANTRA,2026-08-25,667,0.46319444444444446,629,773,247,247
KRW-MANTRA,2026-08-26,699,0.48541666666666666,597,741,251,251
KRW-GEOD,2026-08-20,518,0.3597222222222222,778,922,288,288
KRW-GEOD,2026-08-21,1010,0.7013888888888888,286,430,99,99
KRW-GEOD,2026-08-22,974,0.6763888888888889,322,466,218,218
KRW-GEOD,2026-08-23,581,0.40347222222222223,715,859,249,249
KRW-GEOD,2026-08-24,678,0.4708333333333333,618,762,208,208
KRW-GEOD,2026-08-25,797,0.5534722222222223,499,643,195,195
KRW-GEOD,2026-08-26,532,0.36944444444444446,764,908,245,245
KRW-ATH,2026-08-20,496,0.34444444444444444,800,944,239,239
KRW-ATH,2026-08-21,757,0.5256944444444445,539,683,255,255
KRW-ATH,2026-08-22,867,0.6020833333333333,429,573,274,274
KRW-ATH,2026-08-23,598,0.4152777777777778,698,842,267,267
KRW-ATH,2026-08-24,674,0.46805555555555556,622,766,267,267
KRW-ATH,2026-08-25,986,0.6847222222222222,310,454,263,263
KRW-ATH,2026-08-26,600,0.4166666666666667,696,840,283,283
KRW-RVN,2026-08-20,669,0.46458333333333335,627,771,291,291
KRW-RVN,2026-08-21,693,0.48125,603,747,274,274
KRW-RVN,2026-08-22,1012,0.7027777777777777,284,428,138,138
KRW-RVN,2026-08-23,885,0.6145833333333334,411,555,258,258
KRW-RVN,2026-08-24,687,0.47708333333333336,609,753,228,228
KRW-RVN,2026-08-25,627,0.4354166666666667,669,813,255,255
KRW-RVN,2026-08-26,386,0.26805555555555555,910,1054,237,237
KRW-MON,2026-08-20,860,0.5972222222222222,436,580,156,156
KRW-MON,2026-08-21,931,0.6465277777777778,365,509,254,254
KRW-MON,2026-08-22,694,0.48194444444444445,602,746,268,268
KRW-MON,2026-08-23,656,0.45555555555555555,640,784,280,280
KRW-MON,2026-08-24,608,0.4222222222222222,688,832,285,285
KRW-MON,2026-08-25,720,0.5,576,720,302,302
KRW-MON,2026-08-26,471,0.32708333333333334,825,969,252,252
KRW-ZBT,2026-08-20,766,0.5319444444444444,530,674,304,304
KRW-ZBT,2026-08-21,929,0.6451388888888889,367,511,254,254
KRW-ZBT,2026-08-22,901,0.6256944444444444,395,539,256,256
KRW-ZBT,2026-08-23,584,0.40555555555555556,712,856,274,274
KRW-ZBT,2026-08-24,656,0.45555555555555555,640,784,280,280
KRW-ZBT,2026-08-25,579,0.40208333333333335,717,861,264,264
KRW-ZBT,2026-08-26,512,0.35555555555555557,784,928,258,258
KRW-ETHFI,2026-08-20,618,0.42916666666666664,678,822,205,205
KRW-ETHFI,2026-08-21,564,0.39166666666666666,732,876,270,270
KRW-ETHFI,2026-08-22,779,0.5409722222222222,517,661,277,277
KRW-ETHFI,2026-08-23,746,0.5180555555555556,550,694,233,233
KRW-ETHFI,2026-08-24,919,0.6381944444444444,377,521,235,235
KRW-ETHFI,2026-08-25,717,0.4979166666666667,579,723,287,287
KRW-ETHFI,2026-08-26,575,0.3993055555555556,721,865,283,283
KRW-SPK,2026-08-20,367,0.2548611111111111,929,1073,243,243
KRW-SPK,2026-08-21,834,0.5791666666666667,462,606,204,204
KRW-SPK,2026-08-22,792,0.55,504,648,263,263
KRW-SPK,2026-08-23,489,0.33958333333333335,807,951,229,229
KRW-SPK,2026-08-24,1259,0.8743055555555556,37,181,127,127
KRW-SPK,2026-08-25,750,0.5208333333333334,546,690,298,298
KRW-SPK,2026-08-26,408,0.2833333333333333,888,1032,227,227
KRW-BSV,2026-08-20,890,0.6180555555555556,406,550,237,237
KRW-BSV,2026-08-21,922,0.6402777777777777,374,518,212,212
KRW-BSV,2026-08-22,1059,0.7354166666666667,237,381,227,227
KRW-BSV,2026-08-23,559,0.38819444444444445,737,881,268,268
KRW-BSV,2026-08-24,525,0.3645833333333333,771,915,240,240
KRW-BSV,2026-08-25,506,0.35138888888888886,790,934,261,261
KRW-BSV,2026-08-26,414,0.2875,882,1026,220,220
KRW-ENSO,2026-08-20,686,0.47638888888888886,610,754,312,312
KRW-ENSO,2026-08-21,825,0.5729166666666666,471,615,281,281
KRW-ENSO,2026-08-22,963,0.66875,333,477,250,250
KRW-ENSO,2026-08-23,614,0.4263888888888889,682,826,285,285
KRW-ENSO,2026-08-24,515,0.3576388888888889,781,925,262,262
KRW-ENSO,2026-08-25,536,0.37222222222222223,760,904,257,257
KRW-ENSO,2026-08-26,723,0.5020833333333333,573,717,266,266
KRW-ATOM,2026-08-20,658,0.45694444444444443,638,782,281,281
KRW-ATOM,2026-08-21,877,0.6090277777777777,419,563,276,276
KRW-ATOM,2026-08-22,1001,0.6951388888888889,295,439,233,233
KRW-ATOM,2026-08-23,610,0.4236111111111111,686,830,270,270
KRW-ATOM,2026-08-24,507,0.35208333333333336,789,933,289,289
KRW-ATOM,2026-08-25,654,0.45416666666666666,642,786,300,300
KRW-ATOM,2026-08-26,525,0.3645833333333333,771,915,278,278
KRW-MEW,2026-08-20,637,0.4423611111111111,659,803,261,261
KRW-MEW,2026-08-21,788,0.5472222222222223,508,652,281,281
KRW-MEW,2026-08-22,903,0.6270833333333333,393,537,266,266
KRW-MEW,2026-08-23,489,0.33958333333333335,807,951,252,252
KRW-MEW,2026-08-24,464,0.32222222222222224,832,976,264,264
KRW-MEW,2026-08-25,904,0.6277777777777778,392,536,181,181
KRW-MEW,2026-08-26,635,0.4409722222222222,661,805,286,286
KRW-DOT,2026-08-20,627,0.4354166666666667,669,813,279,279
KRW-DOT,2026-08-21,822,0.5708333333333333,474,618,263,263
KRW-DOT,2026-08-22,1029,0.7145833333333333,267,411,200,200
KRW-DOT,2026-08-23,609,0.42291666666666666,687,831,266,266
KRW-DOT,2026-08-24,524,0.3638888888888889,772,916,276,276
KRW-DOT,2026-08-25,603,0.41875,693,837,277,277
KRW-DOT,2026-08-26,604,0.41944444444444445,692,836,284,284
KRW-RENDER,2026-08-20,606,0.42083333333333334,690,834,287,287
KRW-RENDER,2026-08-21,696,0.48333333333333334,600,744,285,285
KRW-RENDER,2026-08-22,874,0.6069444444444444,422,566,255,255
KRW-RENDER,2026-08-23,676,0.46944444444444444,620,764,281,281
KRW-RENDER,2026-08-24,638,0.44305555555555554,658,802,296,296
KRW-RENDER,2026-08-25,734,0.5097222222222222,562,706,286,286
KRW-RENDER,2026-08-26,572,0.3972222222222222,724,868,289,289
KRW-ZAMA,2026-08-20,553,0.3840277777777778,743,887,234,234
KRW-ZAMA,2026-08-21,452,0.3138888888888889,844,988,255,255
KRW-ZAMA,2026-08-22,932,0.6472222222222223,364,508,167,167
KRW-ZAMA,2026-08-23,804,0.5583333333333333,492,636,284,284
KRW-ZAMA,2026-08-24,856,0.5944444444444444,440,584,252,252
KRW-ZAMA,2026-08-25,666,0.4625,630,774,284,284
KRW-ZAMA,2026-08-26,497,0.3451388888888889,799,943,274,274
KRW-MIRA,2026-08-20,682,0.4736111111111111,614,758,279,279
KRW-MIRA,2026-08-21,839,0.5826388888888889,457,601,276,276
KRW-MIRA,2026-08-22,1043,0.7243055555555555,253,397,211,211
KRW-MIRA,2026-08-23,612,0.425,684,828,270,270
KRW-MIRA,2026-08-24,543,0.3770833333333333,753,897,281,281
KRW-MIRA,2026-08-25,524,0.3638888888888889,772,916,277,277
KRW-MIRA,2026-08-26,494,0.34305555555555556,802,946,253,253
KRW-META2,2026-08-20,691,0.4798611111111111,605,749,251,251
KRW-META2,2026-08-21,617,0.4284722222222222,679,823,250,250
KRW-META2,2026-08-22,490,0.3402777777777778,806,950,238,238
KRW-META2,2026-08-23,297,0.20625,999,1143,191,191
KRW-META2,2026-08-24,309,0.21458333333333332,987,1131,197,197
KRW-META2,2026-08-25,983,0.6826388888888889,313,457,54,54
KRW-ALGO,2026-08-20,709,0.49236111111111114,587,731,285,285
KRW-ALGO,2026-08-21,757,0.5256944444444445,539,683,289,289
KRW-ALGO,2026-08-22,867,0.6020833333333333,429,573,262,262
KRW-ALGO,2026-08-23,621,0.43125,675,819,274,274
KRW-ALGO,2026-08-24,569,0.3951388888888889,727,871,290,290
KRW-ALGO,2026-08-25,578,0.4013888888888889,718,862,270,270
KRW-ALGO,2026-08-26,570,0.3958333333333333,726,870,270,270
KRW-ERA,2026-08-20,609,0.42291666666666666,687,831,277,277
KRW-ERA,2026-08-21,675,0.46875,621,765,273,273
KRW-ERA,2026-08-22,775,0.5381944444444444,521,665,266,266
KRW-ERA,2026-08-23,561,0.38958333333333334,735,879,270,270
KRW-ERA,2026-08-24,676,0.46944444444444444,620,764,262,262
KRW-ERA,2026-08-25,652,0.4527777777777778,644,788,300,300
KRW-ERA,2026-08-26,718,0.4986111111111111,578,722,259,259
KRW-DEEP,2026-08-20,415,0.2881944444444444,881,1025,218,218
KRW-DEEP,2026-08-21,562,0.3902777777777778,734,878,256,256
KRW-DEEP,2026-08-22,1047,0.7270833333333333,249,393,218,218
KRW-DEEP,2026-08-23,880,0.6111111111111112,416,560,281,281
KRW-DEEP,2026-08-24,616,0.42777777777777776,680,824,254,254
KRW-DEEP,2026-08-25,726,0.5041666666666667,570,714,297,297
KRW-DEEP,2026-08-26,397,0.27569444444444446,899,1043,225,225
KRW-O,2026-08-20,497,0.3451388888888889,799,943,252,252
KRW-O,2026-08-21,645,0.4479166666666667,651,795,264,264
KRW-O,2026-08-22,1001,0.6951388888888889,295,439,186,186
KRW-O,2026-08-23,854,0.5930555555555556,442,586,241,241
KRW-O,2026-08-24,518,0.3597222222222222,778,922,261,261
KRW-O,2026-08-25,586,0.40694444444444444,710,854,273,273
KRW-O,2026-08-26,511,0.3548611111111111,785,929,267,267
KRW-MEGA,2026-08-20,725,0.5034722222222222,571,715,247,247
KRW-MEGA,2026-08-21,863,0.5993055555555555,433,577,263,263
KRW-MEGA,2026-08-22,822,0.5708333333333333,474,618,262,262
KRW-MEGA,2026-08-23,548,0.38055555555555554,748,892,275,275
KRW-MEGA,2026-08-24,647,0.44930555555555557,649,793,277,277
KRW-MEGA,2026-08-25,614,0.4263888888888889,682,826,289,289
KRW-MEGA,2026-08-26,371,0.25763888888888886,925,1069,244,244
KRW-INJ,2026-08-20,641,0.44513888888888886,655,799,268,268
KRW-INJ,2026-08-21,603,0.41875,693,837,303,303
KRW-INJ,2026-08-22,735,0.5104166666666666,561,705,272,272
KRW-INJ,2026-08-23,467,0.32430555555555557,829,973,268,268
KRW-INJ,2026-08-24,704,0.4888888888888889,592,736,295,295
KRW-INJ,2026-08-25,923,0.6409722222222223,373,517,276,276
KRW-INJ,2026-08-26,495,0.34375,801,945,281,281
KRW-IOTA,2026-08-20,592,0.4111111111111111,704,848,264,264
KRW-IOTA,2026-08-21,733,0.5090277777777777,563,707,253,253
KRW-IOTA,2026-08-22,987,0.6854166666666667,309,453,241,241
KRW-IOTA,2026-08-23,678,0.4708333333333333,618,762,288,288
KRW-IOTA,2026-08-24,481,0.33402777777777776,815,959,250,250
KRW-IOTA,2026-08-25,593,0.41180555555555554,703,847,283,283
KRW-IOTA,2026-08-26,498,0.3458333333333333,798,942,262,262
KRW-FOLD,2026-08-20,0,0.0,1296,1440,1,8
KRW-FOLD,2026-08-21,0,0.0,1296,1440,1,8
KRW-FOLD,2026-08-22,0,0.0,1296,1440,1,8
KRW-FOLD,2026-08-23,685,0.4756944444444444,611,755,1,4
KRW-FOLD,2026-08-26,1256,0.8722222222222222,40,184,127,127
KRW-IN,2026-08-20,549,0.38125,747,891,277,277
KRW-IN,2026-08-21,656,0.45555555555555555,640,784,268,268
KRW-IN,2026-08-22,896,0.6222222222222222,400,544,256,256
KRW-IN,2026-08-23,689,0.47847222222222224,607,751,294,294
KRW-IN,2026-08-24,656,0.45555555555555555,640,784,283,283
KRW-IN,2026-08-25,565,0.3923611111111111,731,875,283,283
KRW-IN,2026-08-26,456,0.31666666666666665,840,984,264,264
KRW-BIO,2026-08-20,1209,0.8395833333333333,87,231,147,147
KRW-BIO,2026-08-21,1079,0.7493055555555556,217,361,232,232
KRW-BIO,2026-08-22,739,0.5131944444444444,557,701,276,276
KRW-BIO,2026-08-23,399,0.27708333333333335,897,1041,232,232
KRW-BIO,2026-08-24,373,0.2590277777777778,923,1067,214,214
KRW-BIO,2026-08-25,318,0.22083333333333333,978,1122,197,197
KRW-BIO,2026-08-26,332,0.23055555555555557,964,1108,206,206
KRW-FF,2026-08-20,287,0.19930555555555557,1009,1153,175,175
KRW-FF,2026-08-21,527,0.3659722222222222,769,913,260,260
KRW-FF,2026-08-22,454,0.31527777777777777,842,986,238,238
KRW-FF,2026-08-23,864,0.6,432,576,232,232
KRW-FF,2026-08-24,573,0.39791666666666664,723,867,300,300
KRW-FF,2026-08-25,437,0.3034722222222222,859,1003,211,211
KRW-FF,2026-08-26,1288,0.8944444444444445,8,152,66,66
KRW-BTT,2026-08-20,680,0.4722222222222222,616,760,282,282
KRW-BTT,2026-08-21,813,0.5645833333333333,483,627,286,286
KRW-BTT,2026-08-22,915,0.6354166666666666,381,525,264,264
KRW-BTT,2026-08-23,515,0.3576388888888889,781,925,265,265
KRW-BTT,2026-08-24,483,0.33541666666666664,813,957,276,276
KRW-BTT,2026-08-25,497,0.3451388888888889,799,943,265,265
KRW-BTT,2026-08-26,510,0.3541666666666667,786,930,247,247
KRW-CTC,2026-08-20,639,0.44375,657,801,256,256
KRW-CTC,2026-08-21,650,0.4513888888888889,646,790,274,274
KRW-CTC,2026-08-22,932,0.6472222222222223,364,508,224,224
KRW-CTC,2026-08-23,856,0.5944444444444444,440,584,271,271
KRW-CTC,2026-08-24,458,0.31805555555555554,838,982,246,246
KRW-CTC,2026-08-25,517,0.3590277777777778,779,923,268,268
KRW-CTC,2026-08-26,352,0.24444444444444444,944,1088,219,219
KRW-BIGTIME,2026-08-20,413,0.28680555555555554,883,1027,239,239
KRW-BIGTIME,2026-08-21,614,0.4263888888888889,682,826,278,278
KRW-BIGTIME,2026-08-22,977,0.6784722222222223,319,463,198,198
KRW-BIGTIME,2026-08-23,799,0.5548611111111111,497,641,278,278
KRW-BIGTIME,2026-08-24,651,0.45208333333333334,645,789,280,280
KRW-BIGTIME,2026-08-25,515,0.3576388888888889,781,925,282,282
KRW-BIGTIME,2026-08-26,414,0.2875,882,1026,245,245
KRW-CFG,2026-08-20,919,0.6381944444444444,377,521,264,264
KRW-CFG,2026-08-21,886,0.6152777777777778,410,554,259,259
KRW-CFG,2026-08-22,812,0.5638888888888889,484,628,257,257
KRW-CFG,2026-08-23,448,0.3111111111111111,848,992,247,247
KRW-CFG,2026-08-24,523,0.36319444444444443,773,917,261,261
KRW-CFG,2026-08-25,423,0.29375,873,1017,247,247
KRW-CFG,2026-08-26,365,0.2534722222222222,931,1075,231,231
