market,first_timestamp,last_timestamp,first_kst,last_kst,observed_candles,longest_contiguous_minutes,longest_contiguous_start_kst,longest_contiguous_end_exclusive_kst,longest_internal_gap_minutes,internal_gap_count,research_period_coverage,grade,recommended
KRW-0G,1786889280,1789651800,2026-08-16T23:08:00+09:00,2026-09-17T22:30:00+09:00,22770,1367,2026-09-01T00:32:00+09:00,2026-09-01T23:19:00+09:00,70,8094,0.4259722222222222,POOR,False
KRW-1INCH,1786911000,1789650900,2026-08-17T05:10:00+09:00,2026-09-17T22:15:00+09:00,5937,19,2026-08-22T14:07:00+09:00,2026-08-22T14:26:00+09:00,275,3993,0.1751388888888889,POOR,False
KRW-2Z,1786889160,1789651800,2026-08-16T23:06:00+09:00,2026-09-17T22:30:00+09:00,12367,36,2026-08-19T20:46:00+09:00,2026-08-19T21:22:00+09:00,231,6663,0.2525,POOR,False
KRW-A,1786889280,1789651500,2026-08-16T23:08:00+09:00,2026-09-17T22:25:00+09:00,9984,26,2026-08-22T14:08:00+09:00,2026-08-22T14:34:00+09:00,139,6118,0.2966666666666667,POOR,False
KRW-AAVE,1786889160,1789651740,2026-08-16T23:06:00+09:00,2026-09-17T22:29:00+09:00,23243,199,2026-08-23T21:19:00+09:00,2026-08-24T00:38:00+09:00,50,8461,0.7686111111111111,POOR,False
KRW-AERO,1786890360,1789651740,2026-08-16T23:26:00+09:00,2026-09-17T22:29:00+09:00,10839,448,2026-08-25T00:58:00+09:00,2026-08-25T08:26:00+09:00,193,5674,0.36486111111111114,POOR,False
KRW-AGLD,1786889820,1789651680,2026-08-16T23:17:00+09:00,2026-09-17T22:28:00+09:00,8440,41,2026-09-14T08:59:00+09:00,2026-09-14T09:40:00+09:00,186,5336,0.2351388888888889,POOR,False
KRW-AHT,1786889520,1789651380,2026-08-16T23:12:00+09:00,2026-09-17T22:23:00+09:00,7788,251,2026-09-01T17:19:00+09:00,2026-09-01T21:30:00+09:00,283,4727,0.1976388888888889,POOR,False
KRW-AI,1786889880,1789651440,2026-08-16T23:18:00+09:00,2026-09-17T22:24:00+09:00,9409,28,2026-08-22T14:02:00+09:00,2026-08-22T14:30:00+09:00,126,5471,0.26694444444444443,POOR,False
KRW-AKT,1786891140,1789651680,2026-08-16T23:39:00+09:00,2026-09-17T22:28:00+09:00,15242,39,2026-09-09T00:44:00+09:00,2026-09-09T01:23:00+09:00,86,7931,0.4345833333333333,POOR,False
KRW-ALGO,1786889160,1789651800,2026-08-16T23:06:00+09:00,2026-09-17T22:30:00+09:00,16953,35,2026-08-22T12:50:00+09:00,2026-08-22T13:25:00+09:00,59,8363,0.4711111111111111,POOR,False
KRW-ALT,1786889280,1789651800,2026-08-16T23:08:00+09:00,2026-09-17T22:30:00+09:00,7307,95,2026-09-14T09:00:00+09:00,2026-09-14T10:35:00+09:00,344,4289,0.17458333333333334,POOR,False
KRW-ANIME,1786892940,1789651740,2026-08-17T00:09:00+09:00,2026-09-17T22:29:00+09:00,15395,314,2026-08-31T08:58:00+09:00,2026-08-31T14:12:00+09:00,108,6719,0.2677777777777778,POOR,False
KRW-ANKR,1786896720,1789651320,2026-08-17T01:12:00+09:00,2026-09-17T22:22:00+09:00,11434,847,2026-09-03T08:57:00+09:00,2026-09-03T23:04:00+09:00,196,5434,0.23333333333333334,POOR,False
KRW-API3,1786896600,1789651620,2026-08-17T01:10:00+09:00,2026-09-17T22:27:00+09:00,8126,143,2026-09-13T17:58:00+09:00,2026-09-13T20:21:00+09:00,182,4488,0.18125,POOR,False
KRW-APT,1786889160,1789651680,2026-08-16T23:06:00+09:00,2026-09-17T22:28:00+09:00,25482,86,2026-08-22T13:32:00+09:00,2026-08-22T14:58:00+09:00,46,8711,0.61875,POOR,False
KRW-ARB,1786889520,1789651800,2026-08-16T23:12:00+09:00,2026-09-17T22:30:00+09:00,25429,642,2026-09-06T04:56:00+09:00,2026-09-06T15:38:00+09:00,98,6993,0.42027777777777775,POOR,False
KRW-ARDR,1786890780,1789651800,2026-08-16T23:33:00+09:00,2026-09-17T22:30:00+09:00,17476,576,2026-09-14T11:15:00+09:00,2026-09-14T20:51:00+09:00,190,6560,0.3413888888888889,POOR,False
KRW-ARK,1786890180,1789651380,2026-08-16T23:23:00+09:00,2026-09-17T22:23:00+09:00,14585,1039,2026-09-13T09:48:00+09:00,2026-09-14T03:07:00+09:00,148,5243,0.2275,POOR,False
KRW-ARKM,1786890060,1789651140,2026-08-16T23:21:00+09:00,2026-09-17T22:19:00+09:00,5845,16,2026-08-22T11:09:00+09:00,2026-08-22T11:25:00+09:00,178,3945,0.18833333333333332,POOR,False
KRW-ARX,1786889220,1789651800,2026-08-16T23:07:00+09:00,2026-09-17T22:30:00+09:00,21279,330,2026-09-07T09:48:00+09:00,2026-09-07T15:18:00+09:00,70,8179,0.5716666666666667,POOR,False
KRW-ASTR,1786889220,1789651800,2026-08-16T23:07:00+09:00,2026-09-17T22:30:00+09:00,11141,1007,2026-09-15T09:00:00+09:00,2026-09-16T01:47:00+09:00,212,5288,0.23930555555555555,POOR,False
KRW-ATH,1786889760,1789651800,2026-08-16T23:16:00+09:00,2026-09-17T22:30:00+09:00,17941,109,2026-08-25T00:38:00+09:00,2026-08-25T02:27:00+09:00,59,8028,0.5391666666666667,POOR,False
KRW-ATOM,1786889160,1789651740,2026-08-16T23:06:00+09:00,2026-09-17T22:29:00+09:00,19012,127,2026-09-09T17:48:00+09:00,2026-09-09T19:55:00+09:00,81,8706,0.5068055555555555,POOR,False
KRW-AUCTION,1786890720,1789651740,2026-08-16T23:32:00+09:00,2026-09-17T22:29:00+09:00,11952,647,2026-08-30T16:02:00+09:00,2026-08-31T02:49:00+09:00,224,5712,0.29888888888888887,POOR,False
KRW-AVAX,1786889280,1789651800,2026-08-16T23:08:00+09:00,2026-09-17T22:30:00+09:00,27420,284,2026-08-22T10:58:00+09:00,2026-08-22T15:42:00+09:00,41,8594,0.7568055555555555,POOR,False
KRW-AVNT,1786889340,1789651560,2026-08-16T23:09:00+09:00,2026-09-17T22:26:00+09:00,14089,126,2026-09-08T13:11:00+09:00,2026-09-08T15:17:00+09:00,82,7179,0.4181944444444444,POOR,False
KRW-AWE,1786889280,1789651800,2026-08-16T23:08:00+09:00,2026-09-17T22:30:00+09:00,11178,194,2026-09-15T18:33:00+09:00,2026-09-15T21:47:00+09:00,131,6307,0.2931944444444444,POOR,False
KRW-AXL,1786892700,1789651800,2026-08-17T00:05:00+09:00,2026-09-17T22:30:00+09:00,11838,735,2026-08-31T11:39:00+09:00,2026-08-31T23:54:00+09:00,168,5671,0.24027777777777778,POOR,False
KRW-AXS,1786889400,1789651620,2026-08-16T23:10:00+09:00,2026-09-17T22:27:00+09:00,19927,110,2026-08-22T13:30:00+09:00,2026-08-22T15:20:00+09:00,71,8692,0.6223611111111111,POOR,False
KRW-AZTEC,1786890060,1789651620,2026-08-16T23:21:00+09:00,2026-09-17T22:27:00+09:00,8596,395,2026-09-04T19:32:00+09:00,2026-09-05T02:07:00+09:00,233,4610,0.1673611111111111,POOR,False
KRW-B3,1786889220,1789651740,2026-08-16T23:07:00+09:00,2026-09-17T22:29:00+09:00,22878,1114,2026-09-13T08:59:00+09:00,2026-09-14T03:33:00+09:00,145,6755,0.6579166666666667,POOR,False
KRW-BABY,1786889400,1789651620,2026-08-16T23:10:00+09:00,2026-09-17T22:27:00+09:00,6989,31,2026-08-21T13:45:00+09:00,2026-08-21T14:16:00+09:00,197,4371,0.24083333333333334,POOR,False
KRW-BARD,1786890000,1789651140,2026-08-16T23:20:00+09:00,2026-09-17T22:19:00+09:00,11616,44,2026-08-31T20:30:00+09:00,2026-08-31T21:14:00+09:00,115,6718,0.30180555555555555,POOR,False
KRW-BAT,1786889220,1789651500,2026-08-16T23:07:00+09:00,2026-09-17T22:25:00+09:00,8911,71,2026-09-14T00:30:00+09:00,2026-09-14T01:41:00+09:00,117,5430,0.2875,POOR,False
KRW-BCH,1786889400,1789651800,2026-08-16T23:10:00+09:00,2026-09-17T22:30:00+09:00,29476,774,2026-08-21T14:47:00+09:00,2026-08-22T03:41:00+09:00,46,7756,0.8533333333333334,USABLE,False
KRW-BEAM,1786895760,1789651260,2026-08-17T00:56:00+09:00,2026-09-17T22:21:00+09:00,11559,469,2026-08-27T16:48:00+09:00,2026-08-28T00:37:00+09:00,139,5979,0.16555555555555557,POOR,False
KRW-BERA,1786889520,1789651680,2026-08-16T23:12:00+09:00,2026-09-17T22:28:00+09:00,16772,125,2026-09-13T11:27:00+09:00,2026-09-13T13:32:00+09:00,60,7820,0.4766666666666667,POOR,False
KRW-BFC,1789015800,1789651800,2026-09-10T13:50:00+09:00,2026-09-17T22:30:00+09:00,8538,1592,2026-09-10T13:50:00+09:00,2026-09-11T16:22:00+09:00,24,1103,0.0,POOR,False
KRW-BIGTIME,1786889160,1789651800,2026-08-16T23:06:00+09:00,2026-09-17T22:30:00+09:00,18595,131,2026-09-12T10:21:00+09:00,2026-09-12T12:32:00+09:00,83,7985,0.4938888888888889,POOR,False
KRW-BIO,1786889700,1789651020,2026-08-16T23:15:00+09:00,2026-09-17T22:17:00+09:00,10153,449,2026-08-20T15:15:00+09:00,2026-08-20T22:44:00+09:00,197,5369,0.4038888888888889,POOR,False
KRW-BIRB,1786890660,1789651740,2026-08-16T23:31:00+09:00,2026-09-17T22:29:00+09:00,19307,398,2026-09-10T16:47:00+09:00,2026-09-10T23:25:00+09:00,92,7499,0.3984722222222222,POOR,False
KRW-BLAST,1786889220,1789651800,2026-08-16T23:07:00+09:00,2026-09-17T22:30:00+09:00,17184,455,2026-09-10T16:23:00+09:00,2026-09-10T23:58:00+09:00,105,6528,0.2936111111111111,POOR,False
KRW-BLEND,1786889640,1789651800,2026-08-16T23:14:00+09:00,2026-09-17T22:30:00+09:00,11764,175,2026-08-26T08:58:00+09:00,2026-08-26T11:53:00+09:00,214,6034,0.3726388888888889,POOR,False
KRW-BLUR,1786891740,1789651620,2026-08-16T23:49:00+09:00,2026-09-17T22:27:00+09:00,11715,176,2026-09-11T23:01:00+09:00,2026-09-12T01:57:00+09:00,155,5967,0.2688888888888889,POOR,False
KRW-BORA,1786889460,1789651500,2026-08-16T23:11:00+09:00,2026-09-17T22:25:00+09:00,13945,132,2026-08-27T13:30:00+09:00,2026-08-27T15:42:00+09:00,207,6705,0.3566666666666667,POOR,False
KRW-BOUNTY,1786889220,1789651140,2026-08-16T23:07:00+09:00,2026-09-17T22:19:00+09:00,8728,72,2026-09-02T12:59:00+09:00,2026-09-02T14:11:00+09:00,193,5112,0.24597222222222223,POOR,False
KRW-BREV,1786891020,1789650240,2026-08-16T23:37:00+09:00,2026-09-17T22:04:00+09:00,7454,19,2026-09-09T19:34:00+09:00,2026-09-09T19:53:00+09:00,219,4729,0.17888888888888888,POOR,False
KRW-BSB,1786889160,1789651620,2026-08-16T23:06:00+09:00,2026-09-17T22:27:00+09:00,12182,91,2026-08-17T00:30:00+09:00,2026-08-17T02:01:00+09:00,136,5931,0.47555555555555556,POOR,False
KRW-BSV,1786889460,1789651080,2026-08-16T23:11:00+09:00,2026-09-17T22:18:00+09:00,14344,150,2026-08-21T15:11:00+09:00,2026-08-21T17:41:00+09:00,73,7159,0.4959722222222222,POOR,False
KRW-BTT,1786889220,1789651500,2026-08-16T23:07:00+09:00,2026-09-17T22:25:00+09:00,16417,40,2026-08-22T13:40:00+09:00,2026-08-22T14:20:00+09:00,85,8309,0.44763888888888886,POOR,False
KRW-CAP,1786889160,1789651800,2026-08-16T23:06:00+09:00,2026-09-17T22:30:00+09:00,31582,1196,2026-09-15T05:01:00+09:00,2026-09-16T00:57:00+09:00,44,5528,0.7490277777777777,POOR,False
KRW-CARV,1786890960,1789650780,2026-08-16T23:36:00+09:00,2026-09-17T22:13:00+09:00,10022,72,2026-09-02T13:36:00+09:00,2026-09-02T14:48:00+09:00,138,6014,0.25958333333333333,POOR,False
KRW-CBK,1786889400,1789651380,2026-08-16T23:10:00+09:00,2026-09-17T22:23:00+09:00,9403,134,2026-09-14T08:51:00+09:00,2026-09-14T11:05:00+09:00,255,5095,0.19430555555555556,POOR,False
KRW-CC,1786889160,1789651620,2026-08-16T23:06:00+09:00,2026-09-17T22:27:00+09:00,12723,33,2026-08-22T14:57:00+09:00,2026-08-22T15:30:00+09:00,68,7265,0.41055555555555556,POOR,False
KRW-CELO,1786889580,1789651740,2026-08-16T23:13:00+09:00,2026-09-17T22:29:00+09:00,8461,39,2026-09-15T10:54:00+09:00,2026-09-15T11:33:00+09:00,307,5115,0.2398611111111111,POOR,False
KRW-CFG,1786889880,1789651800,2026-08-16T23:18:00+09:00,2026-09-17T22:30:00+09:00,18408,453,2026-09-07T10:32:00+09:00,2026-09-07T18:05:00+09:00,72,7749,0.42944444444444446,POOR,False
KRW-CFX,1786909320,1789650300,2026-08-17T04:42:00+09:00,2026-09-17T22:05:00+09:00,4171,19,2026-09-01T21:05:00+09:00,2026-09-01T21:24:00+09:00,210,2904,0.15930555555555556,POOR,False
KRW-CHIP,1786889160,1789651800,2026-08-16T23:06:00+09:00,2026-09-17T22:30:00+09:00,32384,1144,2026-09-04T03:17:00+09:00,2026-09-04T22:21:00+09:00,38,6662,0.6520833333333333,POOR,False
KRW-CHZ,1786889520,1789651680,2026-08-16T23:12:00+09:00,2026-09-17T22:28:00+09:00,15212,328,2026-09-13T09:33:00+09:00,2026-09-13T15:01:00+09:00,84,7501,0.3923611111111111,POOR,False
KRW-CKB,1786889760,1789650300,2026-08-16T23:16:00+09:00,2026-09-17T22:05:00+09:00,7704,102,2026-09-10T12:14:00+09:00,2026-09-10T13:56:00+09:00,220,4724,0.1625,POOR,False
KRW-COMP,1786910160,1789650540,2026-08-17T04:56:00+09:00,2026-09-17T22:09:00+09:00,7360,51,2026-09-03T17:21:00+09:00,2026-09-03T18:12:00+09:00,191,4455,0.22111111111111112,POOR,False
KRW-COW,1786889160,1789650720,2026-08-16T23:06:00+09:00,2026-09-17T22:12:00+09:00,9633,101,2026-08-17T09:33:00+09:00,2026-08-17T11:14:00+09:00,152,5133,0.3225,POOR,False
KRW-CP,1788845700,1789651800,2026-09-08T14:35:00+09:00,2026-09-17T22:30:00+09:00,10117,723,2026-09-08T14:35:00+09:00,2026-09-09T02:38:00+09:00,21,1676,0.0,POOR,False
KRW-CPOOL,1786889220,1789651800,2026-08-16T23:07:00+09:00,2026-09-17T22:30:00+09:00,14548,1009,2026-09-14T10:33:00+09:00,2026-09-15T03:22:00+09:00,219,5640,0.24541666666666667,POOR,False
KRW-CRO,1786891260,1789651740,2026-08-16T23:41:00+09:00,2026-09-17T22:29:00+09:00,17746,156,2026-08-22T12:49:00+09:00,2026-08-22T15:25:00+09:00,103,7542,0.5627777777777778,POOR,False
KRW-CRV,1787285100,1789651620,2026-08-21T13:05:00+09:00,2026-09-17T22:27:00+09:00,12544,649,2026-08-21T13:05:00+09:00,2026-08-21T23:54:00+09:00,155,5239,0.4345833333333333,POOR,False
KRW-CTC,1786889340,1789651560,2026-08-16T23:09:00+09:00,2026-09-17T22:26:00+09:00,15616,122,2026-08-18T09:12:00+09:00,2026-08-18T11:14:00+09:00,153,7284,0.47402777777777777,POOR,False
KRW-CVC,1786891140,1789651800,2026-08-16T23:39:00+09:00,2026-09-17T22:30:00+09:00,15243,1815,2026-09-13T19:43:00+09:00,2026-09-15T01:58:00+09:00,190,5320,0.22708333333333333,POOR,False
KRW-CYBER,1786890720,1789651620,2026-08-16T23:32:00+09:00,2026-09-17T22:27:00+09:00,7506,43,2026-09-14T08:56:00+09:00,2026-09-14T09:39:00+09:00,290,4768,0.16680555555555557,POOR,False
KRW-DATA,1786889160,1789651800,2026-08-16T23:06:00+09:00,2026-09-17T22:30:00+09:00,24517,126,2026-08-22T12:53:00+09:00,2026-08-22T14:59:00+09:00,51,8294,0.6245833333333334,POOR,False
KRW-DEEP,1786889460,1789651020,2026-08-16T23:11:00+09:00,2026-09-17T22:17:00+09:00,12739,51,2026-08-22T14:02:00+09:00,2026-08-22T14:53:00+09:00,144,6588,0.5320833333333334,POOR,False
KRW-DKA,1786889340,1789651800,2026-08-16T23:09:00+09:00,2026-09-17T22:30:00+09:00,12126,153,2026-08-30T09:00:00+09:00,2026-08-30T11:33:00+09:00,177,6272,0.2684722222222222,POOR,False
KRW-DOOD,1786889160,1789651740,2026-08-16T23:06:00+09:00,2026-09-17T22:29:00+09:00,15551,788,2026-09-07T12:32:00+09:00,2026-09-08T01:40:00+09:00,123,6284,0.36333333333333334,POOR,False
KRW-DOS,1786889160,1789651800,2026-08-16T23:06:00+09:00,2026-09-17T22:30:00+09:00,32203,1070,2026-08-30T08:16:00+09:00,2026-08-31T02:06:00+09:00,42,6047,0.7956944444444445,POOR,False
KRW-DOT,1786889880,1789651620,2026-08-16T23:18:00+09:00,2026-09-17T22:27:00+09:00,19947,216,2026-09-09T04:03:00+09:00,2026-09-09T07:39:00+09:00,100,8185,0.49819444444444444,POOR,False
KRW-DRV,1786889160,1789651800,2026-08-16T23:06:00+09:00,2026-09-17T22:30:00+09:00,19612,1033,2026-09-17T05:18:00+09:00,2026-09-17T22:31:00+09:00,130,5975,0.5993055555555555,POOR,False
KRW-EDGE,1786889160,1789651320,2026-08-16T23:06:00+09:00,2026-09-17T22:22:00+09:00,12271,129,2026-08-17T08:50:00+09:00,2026-08-17T10:59:00+09:00,108,6265,0.36875,POOR,False
KRW-EGLD,1786894560,1789651740,2026-08-17T00:36:00+09:00,2026-09-17T22:29:00+09:00,13744,330,2026-09-03T05:20:00+09:00,2026-09-03T10:50:00+09:00,187,6369,0.2926388888888889,POOR,False
KRW-ELF,1786889220,1789651800,2026-08-16T23:07:00+09:00,2026-09-17T22:30:00+09:00,13499,246,2026-08-19T11:55:00+09:00,2026-08-19T16:01:00+09:00,254,5635,0.37194444444444447,POOR,False
KRW-ELSA,1786889340,1789650060,2026-08-16T23:09:00+09:00,2026-09-17T22:01:00+09:00,15171,365,2026-09-05T08:53:00+09:00,2026-09-05T14:58:00+09:00,148,6890,0.3026388888888889,POOR,False
KRW-ENA,1786889340,1789651800,2026-08-16T23:09:00+09:00,2026-09-17T22:30:00+09:00,35614,1322,2026-08-21T06:46:00+09:00,2026-08-22T04:48:00+09:00,53,5294,0.9465277777777777,USABLE,True
KRW-ENS,1786889220,1789651740,2026-08-16T23:07:00+09:00,2026-09-17T22:29:00+09:00,29622,580,2026-08-22T06:26:00+09:00,2026-08-22T16:06:00+09:00,53,7550,0.7880555555555555,POOR,False
KRW-ENSO,1786889160,1789651440,2026-08-16T23:06:00+09:00,2026-09-17T22:24:00+09:00,18562,170,2026-08-31T19:34:00+09:00,2026-08-31T22:24:00+09:00,68,8290,0.4795833333333333,POOR,False
KRW-ERA,1786889340,1789651620,2026-08-16T23:09:00+09:00,2026-09-17T22:27:00+09:00,18673,339,2026-08-31T05:50:00+09:00,2026-08-31T11:29:00+09:00,91,7965,0.46375,POOR,False
KRW-ESP,1786889340,1789651800,2026-08-16T23:09:00+09:00,2026-09-17T22:30:00+09:00,9987,57,2026-08-22T14:07:00+09:00,2026-08-22T15:04:00+09:00,156,5600,0.31805555555555554,POOR,False
KRW-ETC,1786889280,1789651800,2026-08-16T23:08:00+09:00,2026-09-17T22:30:00+09:00,28081,308,2026-08-22T11:15:00+09:00,2026-08-22T16:23:00+09:00,51,8129,0.8,USABLE,False
KRW-ETHFI,1786889580,1789651620,2026-08-16T23:13:00+09:00,2026-09-17T22:27:00+09:00,18394,562,2026-09-12T16:10:00+09:00,2026-09-13T01:32:00+09:00,97,7432,0.5173611111111112,POOR,False
KRW-EUL,1786889340,1789651380,2026-08-16T23:09:00+09:00,2026-09-17T22:23:00+09:00,24143,722,2026-09-15T00:11:00+09:00,2026-09-15T12:13:00+09:00,62,6692,0.7641666666666667,POOR,False
KRW-EURC,1787893500,1789651740,2026-08-28T14:05:00+09:00,2026-09-17T22:29:00+09:00,4475,326,2026-08-28T14:05:00+09:00,2026-08-28T19:31:00+09:00,517,2154,0.0,POOR,False
KRW-F,1786889340,1789651740,2026-08-16T23:09:00+09:00,2026-09-17T22:29:00+09:00,10230,94,2026-08-31T08:59:00+09:00,2026-08-31T10:33:00+09:00,149,6005,0.21430555555555555,POOR,False
KRW-FCT2,1786890000,1789651200,2026-08-16T23:20:00+09:00,2026-09-17T22:20:00+09:00,8649,65,2026-08-27T13:34:00+09:00,2026-08-27T14:39:00+09:00,234,4842,0.20847222222222223,POOR,False
KRW-FF,1786890180,1789651620,2026-08-16T23:23:00+09:00,2026-09-17T22:27:00+09:00,17902,1232,2026-08-25T22:16:00+09:00,2026-08-26T18:48:00+09:00,154,6784,0.39652777777777776,POOR,False
KRW-FIL,1786889700,1789651740,2026-08-16T23:15:00+09:00,2026-09-17T22:29:00+09:00,22284,351,2026-09-14T08:05:00+09:00,2026-09-14T13:56:00+09:00,58,8394,0.5373611111111111,POOR,False
KRW-FLOCK,1786890300,1789651800,2026-08-16T23:25:00+09:00,2026-09-17T22:30:00+09:00,28942,2440,2026-09-05T11:51:00+09:00,2026-09-07T04:31:00+09:00,160,4387,0.3165277777777778,POOR,False
KRW-FLUID,1786889820,1789651140,2026-08-16T23:17:00+09:00,2026-09-17T22:19:00+09:00,8092,421,2026-08-26T12:33:00+09:00,2026-08-26T19:34:00+09:00,199,4698,0.1622222222222222,POOR,False
KRW-FOLD,1787456100,1789651800,2026-08-23T12:35:00+09:00,2026-09-17T22:30:00+09:00,25754,995,2026-09-17T05:56:00+09:00,2026-09-17T22:31:00+09:00,61,4926,0.47541666666666665,POOR,False
KRW-G,1786889580,1789651800,2026-08-16T23:13:00+09:00,2026-09-17T22:30:00+09:00,15284,1443,2026-09-15T18:45:00+09:00,2026-09-16T18:48:00+09:00,131,6492,0.3595833333333333,POOR,False
KRW-GAME2,1786889220,1789651620,2026-08-16T23:07:00+09:00,2026-09-17T22:27:00+09:00,9949,212,2026-09-07T09:01:00+09:00,2026-09-07T12:33:00+09:00,176,5146,0.25125,POOR,False
KRW-GAS,1786889220,1789651680,2026-08-16T23:07:00+09:00,2026-09-17T22:28:00+09:00,23994,490,2026-08-22T08:23:00+09:00,2026-08-22T16:33:00+09:00,65,7490,0.7772222222222223,POOR,False
KRW-GEOD,1786889220,1789651740,2026-08-16T23:07:00+09:00,2026-09-17T22:29:00+09:00,14817,333,2026-08-21T17:06:00+09:00,2026-08-21T22:39:00+09:00,180,5973,0.5611111111111111,POOR,False
KRW-GLM,1786890900,1789651680,2026-08-16T23:35:00+09:00,2026-09-17T22:28:00+09:00,10094,244,2026-09-13T20:46:00+09:00,2026-09-14T00:50:00+09:00,302,5207,0.2684722222222222,POOR,False
KRW-GMT,1786889760,1789651740,2026-08-16T23:16:00+09:00,2026-09-17T22:29:00+09:00,11534,99,2026-08-25T17:22:00+09:00,2026-08-25T19:01:00+09:00,115,6223,0.28180555555555553,POOR,False
KRW-GRT,1786892040,1789651620,2026-08-16T23:54:00+09:00,2026-09-17T22:27:00+09:00,10971,280,2026-09-06T14:43:00+09:00,2026-09-06T19:23:00+09:00,138,6260,0.3684722222222222,POOR,False
KRW-GRVT,1786889160,1789651740,2026-08-16T23:06:00+09:00,2026-09-17T22:29:00+09:00,26750,864,2026-08-19T16:58:00+09:00,2026-08-20T07:22:00+09:00,67,6543,0.9254166666666667,USABLE,False
KRW-HBAR,1786889280,1789651740,2026-08-16T23:08:00+09:00,2026-09-17T22:29:00+09:00,24677,223,2026-08-22T11:27:00+09:00,2026-08-22T15:10:00+09:00,62,9119,0.7169444444444445,POOR,False
KRW-HIVE,1786889940,1789651800,2026-08-16T23:19:00+09:00,2026-09-17T22:30:00+09:00,16945,453,2026-09-03T10:56:00+09:00,2026-09-03T18:29:00+09:00,155,5994,0.2852777777777778,POOR,False
KRW-HOLO,1786889340,1789651680,2026-08-16T23:09:00+09:00,2026-09-17T22:28:00+09:00,19530,135,2026-08-17T09:00:00+09:00,2026-08-17T11:15:00+09:00,85,8032,0.5545833333333333,POOR,False
KRW-HOME,1786889220,1789651440,2026-08-16T23:07:00+09:00,2026-09-17T22:24:00+09:00,24169,265,2026-09-02T09:00:00+09:00,2026-09-02T13:25:00+09:00,115,6753,0.76875,POOR,False
KRW-HP,1786889220,1789651800,2026-08-16T23:07:00+09:00,2026-09-17T22:30:00+09:00,7787,49,2026-08-28T16:19:00+09:00,2026-08-28T17:08:00+09:00,243,4762,0.15694444444444444,POOR,False
KRW-HUNT,1786896060,1789651740,2026-08-17T01:01:00+09:00,2026-09-17T22:29:00+09:00,7496,113,2026-09-15T16:33:00+09:00,2026-09-15T18:26:00+09:00,297,4140,0.16361111111111112,POOR,False
KRW-HYPER,1786890900,1789651800,2026-08-16T23:35:00+09:00,2026-09-17T22:30:00+09:00,12549,87,2026-09-14T09:07:00+09:00,2026-09-14T10:34:00+09:00,119,6763,0.3725,POOR,False
KRW-ICP,1786889220,1789651800,2026-08-16T23:07:00+09:00,2026-09-17T22:30:00+09:00,11344,122,2026-09-07T16:20:00+09:00,2026-09-07T18:22:00+09:00,92,6210,0.32819444444444446,POOR,False
KRW-ICX,1786890120,1789651200,2026-08-16T23:22:00+09:00,2026-09-17T22:20:00+09:00,19611,361,2026-09-01T08:33:00+09:00,2026-09-01T14:34:00+09:00,121,6588,0.5243055555555556,POOR,False
KRW-ID,1786889280,1789651560,2026-08-16T23:08:00+09:00,2026-09-17T22:26:00+09:00,15950,79,2026-09-15T14:52:00+09:00,2026-09-15T16:11:00+09:00,55,8037,0.4290277777777778,POOR,False
KRW-IMX,1786890060,1789650900,2026-08-16T23:21:00+09:00,2026-09-17T22:15:00+09:00,7186,27,2026-08-22T14:05:00+09:00,2026-08-22T14:32:00+09:00,143,4843,0.24319444444444444,POOR,False
KRW-IN,1786889400,1789651440,2026-08-16T23:10:00+09:00,2026-09-17T22:24:00+09:00,16638,53,2026-08-22T14:01:00+09:00,2026-08-22T14:54:00+09:00,68,8124,0.48083333333333333,POOR,False
KRW-INJ,1786889340,1789651800,2026-08-16T23:09:00+09:00,2026-09-17T22:30:00+09:00,16527,263,2026-09-02T16:12:00+09:00,2026-09-02T20:35:00+09:00,103,7376,0.4766666666666667,POOR,False
KRW-IO,1786891500,1789651740,2026-08-16T23:45:00+09:00,2026-09-17T22:29:00+09:00,4708,166,2026-09-17T09:00:00+09:00,2026-09-17T11:46:00+09:00,169,3065,0.11555555555555555,POOR,False
KRW-IOST,1786889340,1789651800,2026-08-16T23:09:00+09:00,2026-09-17T22:30:00+09:00,22268,2082,2026-09-09T13:41:00+09:00,2026-09-11T00:23:00+09:00,121,5252,0.3248611111111111,POOR,False
KRW-IOTA,1786889520,1789651740,2026-08-16T23:12:00+09:00,2026-09-17T22:29:00+09:00,16941,238,2026-09-14T19:28:00+09:00,2026-09-14T23:26:00+09:00,70,7914,0.4822222222222222,POOR,False
KRW-IQ,1786890180,1789651680,2026-08-16T23:23:00+09:00,2026-09-17T22:28:00+09:00,13896,377,2026-09-01T17:23:00+09:00,2026-09-01T23:40:00+09:00,239,5875,0.2822222222222222,POOR,False
KRW-IRYS,1786889400,1789651440,2026-08-16T23:10:00+09:00,2026-09-17T22:24:00+09:00,13742,36,2026-09-04T23:38:00+09:00,2026-09-05T00:14:00+09:00,106,7070,0.3726388888888889,POOR,False
KRW-JPYC,1789635900,1789651800,2026-09-17T18:05:00+09:00,2026-09-17T22:30:00+09:00,266,266,2026-09-17T18:05:00+09:00,2026-09-17T22:31:00+09:00,0,0,0.0,POOR,False
KRW-JST,1786891080,1789650540,2026-08-16T23:38:00+09:00,2026-09-17T22:09:00+09:00,6222,16,2026-08-20T16:41:00+09:00,2026-08-20T16:57:00+09:00,185,4106,0.185,POOR,False
KRW-JTO,1786889340,1789651800,2026-08-16T23:09:00+09:00,2026-09-17T22:30:00+09:00,23025,115,2026-09-06T21:24:00+09:00,2026-09-06T23:19:00+09:00,45,8531,0.6563888888888889,POOR,False
KRW-JUP,1786891080,1789651680,2026-08-16T23:38:00+09:00,2026-09-17T22:28:00+09:00,18046,370,2026-09-06T18:00:00+09:00,2026-09-07T00:10:00+09:00,109,8098,0.41625,POOR,False
KRW-KAITO,1786889160,1789651680,2026-08-16T23:06:00+09:00,2026-09-17T22:28:00+09:00,23951,432,2026-08-22T06:14:00+09:00,2026-08-22T13:26:00+09:00,57,7823,0.7740277777777778,POOR,False
KRW-KAT,1786889160,1789651140,2026-08-16T23:06:00+09:00,2026-09-17T22:19:00+09:00,17503,1744,2026-09-09T11:03:00+09:00,2026-09-10T16:07:00+09:00,117,6431,0.32916666666666666,POOR,False
KRW-KAVA,1786890600,1789651320,2026-08-16T23:30:00+09:00,2026-09-17T22:22:00+09:00,12728,89,2026-09-13T12:14:00+09:00,2026-09-13T13:43:00+09:00,273,5984,0.34347222222222223,POOR,False
KRW-KERNEL,1786889760,1789651380,2026-08-16T23:16:00+09:00,2026-09-17T22:23:00+09:00,8982,188,2026-08-27T18:40:00+09:00,2026-08-27T21:48:00+09:00,265,4980,0.17430555555555555,POOR,False
KRW-KITE,1786889760,1789651800,2026-08-16T23:16:00+09:00,2026-09-17T22:30:00+09:00,16596,88,2026-08-26T18:43:00+09:00,2026-08-26T20:11:00+09:00,85,7298,0.37680555555555556,POOR,False
KRW-KMNO,1786890000,1789651740,2026-08-16T23:20:00+09:00,2026-09-17T22:29:00+09:00,5976,140,2026-08-25T22:17:00+09:00,2026-08-26T00:37:00+09:00,261,3613,0.23166666666666666,POOR,False
KRW-KNC,1786892880,1789651800,2026-08-17T00:08:00+09:00,2026-09-17T22:30:00+09:00,7521,101,2026-09-13T09:12:00+09:00,2026-09-13T10:53:00+09:00,335,4228,0.13652777777777778,POOR,False
KRW-LA,1786889160,1789651800,2026-08-16T23:06:00+09:00,2026-09-17T22:30:00+09:00,36323,667,2026-09-02T14:51:00+09:00,2026-09-03T01:58:00+09:00,25,4908,0.7191666666666666,POOR,False
KRW-LAYER,1786889280,1789651620,2026-08-16T23:08:00+09:00,2026-09-17T22:27:00+09:00,14060,158,2026-09-07T00:05:00+09:00,2026-09-07T02:43:00+09:00,127,7210,0.4191666666666667,POOR,False
KRW-LINEA,1786900020,1789649580,2026-08-17T02:07:00+09:00,2026-09-17T21:53:00+09:00,7170,29,2026-08-27T17:40:00+09:00,2026-08-27T18:09:00+09:00,187,4621,0.18666666666666668,POOR,False
KRW-LINK,1786889460,1789651800,2026-08-16T23:11:00+09:00,2026-09-17T22:30:00+09:00,35801,769,2026-08-22T05:55:00+09:00,2026-08-22T18:44:00+09:00,16,6217,0.8986111111111111,USABLE,False
KRW-LIT,1787544300,1789651800,2026-08-24T13:05:00+09:00,2026-09-17T22:30:00+09:00,18638,748,2026-08-24T13:05:00+09:00,2026-08-25T01:33:00+09:00,46,6155,0.28319444444444447,POOR,False
KRW-LPT,1786892100,1789651620,2026-08-16T23:55:00+09:00,2026-09-17T22:27:00+09:00,8148,259,2026-09-04T08:55:00+09:00,2026-09-04T13:14:00+09:00,240,4437,0.20708333333333334,POOR,False
KRW-LSK,1786889220,1789651800,2026-08-16T23:07:00+09:00,2026-09-17T22:30:00+09:00,19248,2661,2026-09-12T09:12:00+09:00,2026-09-14T05:33:00+09:00,102,5004,0.2841666666666667,POOR,False
KRW-MANA,1786889340,1789651380,2026-08-16T23:09:00+09:00,2026-09-17T22:23:00+09:00,8808,28,2026-08-30T12:17:00+09:00,2026-08-30T12:45:00+09:00,271,5408,0.2725,POOR,False
KRW-MANTRA,1786889280,1789651740,2026-08-16T23:08:00+09:00,2026-09-17T22:29:00+09:00,20430,776,2026-08-28T14:18:00+09:00,2026-08-29T03:14:00+09:00,112,6520,0.5502777777777778,POOR,False
KRW-MASK,1786893780,1789650600,2026-08-17T00:23:00+09:00,2026-09-17T22:10:00+09:00,7008,33,2026-08-26T18:43:00+09:00,2026-08-26T19:16:00+09:00,168,4640,0.19666666666666666,POOR,False
KRW-MBL,1786889940,1789651800,2026-08-16T23:19:00+09:00,2026-09-17T22:30:00+09:00,12625,183,2026-09-01T17:19:00+09:00,2026-09-01T20:22:00+09:00,192,6138,0.38708333333333333,POOR,False
KRW-ME,1786889460,1789651800,2026-08-16T23:11:00+09:00,2026-09-17T22:30:00+09:00,20819,90,2026-08-22T11:28:00+09:00,2026-08-22T12:58:00+09:00,76,8336,0.6473611111111112,POOR,False
KRW-MED,1786889940,1789651740,2026-08-16T23:19:00+09:00,2026-09-17T22:29:00+09:00,11180,226,2026-09-14T06:50:00+09:00,2026-09-14T10:36:00+09:00,199,5583,0.24819444444444444,POOR,False
KRW-MEGA,1786889160,1789651500,2026-08-16T23:06:00+09:00,2026-09-17T22:25:00+09:00,14561,164,2026-09-08T16:00:00+09:00,2026-09-08T18:44:00+09:00,104,7030,0.48527777777777775,POOR,False
KRW-MET2,1786889280,1789651620,2026-08-16T23:08:00+09:00,2026-09-17T22:27:00+09:00,12875,408,2026-09-11T19:24:00+09:00,2026-09-12T02:12:00+09:00,221,5464,0.35430555555555554,POOR,False
KRW-META,1786889760,1789646940,2026-08-16T23:16:00+09:00,2026-09-17T21:09:00+09:00,6029,81,2026-09-14T06:56:00+09:00,2026-09-14T08:17:00+09:00,263,4052,0.15055555555555555,POOR,False
KRW-META2,1786889340,1789651740,2026-08-16T23:09:00+09:00,2026-09-17T22:29:00+09:00,19462,877,2026-08-25T08:57:00+09:00,2026-08-25T23:34:00+09:00,114,6555,0.37444444444444447,POOR,False
KRW-MEW,1786889820,1789651740,2026-08-16T23:17:00+09:00,2026-09-17T22:29:00+09:00,13200,189,2026-08-25T11:17:00+09:00,2026-08-25T14:26:00+09:00,95,6905,0.49277777777777776,POOR,False
KRW-MINA,1786891560,1789651800,2026-08-16T23:46:00+09:00,2026-09-17T22:30:00+09:00,17562,271,2026-08-27T19:14:00+09:00,2026-08-27T23:45:00+09:00,89,7246,0.41333333333333333,POOR,False
KRW-MIRA,1786890060,1789651800,2026-08-16T23:21:00+09:00,2026-09-17T22:30:00+09:00,25531,338,2026-09-09T08:49:00+09:00,2026-09-09T14:27:00+09:00,45,7409,0.4945833333333333,POOR,False
KRW-MLK,1786890180,1789651800,2026-08-16T23:23:00+09:00,2026-09-17T22:30:00+09:00,14360,478,2026-08-27T13:23:00+09:00,2026-08-27T21:21:00+09:00,184,6864,0.2911111111111111,POOR,False
KRW-MMT,1786889160,1789651800,2026-08-16T23:06:00+09:00,2026-09-17T22:30:00+09:00,17877,101,2026-09-17T20:45:00+09:00,2026-09-17T22:26:00+09:00,68,8167,0.5952777777777778,POOR,False
KRW-MNT,1786893060,1789651380,2026-08-17T00:11:00+09:00,2026-09-17T22:23:00+09:00,10028,62,2026-08-27T18:48:00+09:00,2026-08-27T19:50:00+09:00,139,5867,0.3698611111111111,POOR,False
KRW-MOC,1786889580,1789651380,2026-08-16T23:13:00+09:00,2026-09-17T22:23:00+09:00,10744,664,2026-09-02T11:56:00+09:00,2026-09-02T23:00:00+09:00,180,5259,0.305,POOR,False
KRW-MOCA,1786891020,1789651560,2026-08-16T23:37:00+09:00,2026-09-17T22:26:00+09:00,8196,28,2026-08-23T11:30:00+09:00,2026-08-23T11:58:00+09:00,197,5046,0.20708333333333334,POOR,False
KRW-MON,1786889760,1789651500,2026-08-16T23:16:00+09:00,2026-09-17T22:25:00+09:00,15011,249,2026-08-20T19:23:00+09:00,2026-08-20T23:32:00+09:00,82,7349,0.50125,POOR,False
KRW-MOODENG,1786889820,1789651800,2026-08-16T23:17:00+09:00,2026-09-17T22:30:00+09:00,11971,156,2026-09-17T16:31:00+09:00,2026-09-17T19:07:00+09:00,122,6208,0.43416666666666665,POOR,False
KRW-MORPHO,1786896840,1789651800,2026-08-17T01:14:00+09:00,2026-09-17T22:30:00+09:00,14869,59,2026-08-24T08:27:00+09:00,2026-08-24T09:26:00+09:00,165,7332,0.4361111111111111,POOR,False
KRW-MOVE,1786889220,1789651800,2026-08-16T23:07:00+09:00,2026-09-17T22:30:00+09:00,23536,673,2026-08-22T11:09:00+09:00,2026-08-22T22:22:00+09:00,48,7901,0.7204166666666667,POOR,False
KRW-MTL,1786889700,1789651800,2026-08-16T23:15:00+09:00,2026-09-17T22:30:00+09:00,13097,965,2026-09-14T08:37:00+09:00,2026-09-15T00:42:00+09:00,390,4429,0.22027777777777777,POOR,False
KRW-MVL,1786889160,1789651260,2026-08-16T23:06:00+09:00,2026-09-17T22:21:00+09:00,6064,50,2026-09-01T17:57:00+09:00,2026-09-01T18:47:00+09:00,246,4027,0.2225,POOR,False
KRW-NCT,1787745900,1789651680,2026-08-26T21:05:00+09:00,2026-09-17T22:28:00+09:00,16213,1154,2026-08-26T21:05:00+09:00,2026-08-27T16:19:00+09:00,122,4765,0.0,POOR,False
KRW-NEAR,1786889160,1789651800,2026-08-16T23:06:00+09:00,2026-09-17T22:30:00+09:00,37678,505,2026-09-06T16:26:00+09:00,2026-09-07T00:51:00+09:00,54,4975,0.8938888888888888,USABLE,False
KRW-NEO,1786889460,1789651260,2026-08-16T23:11:00+09:00,2026-09-17T22:21:00+09:00,12833,60,2026-08-22T12:54:00+09:00,2026-08-22T13:54:00+09:00,85,6893,0.44222222222222224,POOR,False
KRW-NEWT,1786893540,1789651800,2026-08-17T00:19:00+09:00,2026-09-17T22:30:00+09:00,12866,236,2026-09-10T11:59:00+09:00,2026-09-10T15:55:00+09:00,175,5913,0.23597222222222222,POOR,False
KRW-NXPC,1786889160,1789651200,2026-08-16T23:06:00+09:00,2026-09-17T22:20:00+09:00,9490,63,2026-08-17T14:13:00+09:00,2026-08-17T15:16:00+09:00,124,5903,0.2823611111111111,POOR,False
KRW-O,1786889160,1789651680,2026-08-16T23:06:00+09:00,2026-09-17T22:28:00+09:00,17238,403,2026-08-17T14:35:00+09:00,2026-08-17T21:18:00+09:00,139,6304,0.5005555555555555,POOR,False
KRW-ONDO,1786889280,1789651800,2026-08-16T23:08:00+09:00,2026-09-17T22:30:00+09:00,41925,1192,2026-08-22T04:50:00+09:00,2026-08-23T00:42:00+09:00,13,3098,0.9808333333333333,GOOD,True
KRW-ONG,1786889160,1789651800,2026-08-16T23:06:00+09:00,2026-09-17T22:30:00+09:00,36293,1742,2026-08-26T20:57:00+09:00,2026-08-28T01:59:00+09:00,41,4560,0.9369444444444445,USABLE,False
KRW-ONT,1786889220,1789651080,2026-08-16T23:07:00+09:00,2026-09-17T22:18:00+09:00,24876,1121,2026-08-26T21:56:00+09:00,2026-08-27T16:37:00+09:00,100,6779,0.7786111111111111,POOR,False
KRW-OP,1786895640,1789651500,2026-08-17T00:54:00+09:00,2026-09-17T22:25:00+09:00,9565,43,2026-08-22T13:16:00+09:00,2026-08-22T13:59:00+09:00,140,5987,0.22458333333333333,POOR,False
KRW-OPEN,1786889220,1789651320,2026-08-16T23:07:00+09:00,2026-09-17T22:22:00+09:00,12219,51,2026-08-31T10:47:00+09:00,2026-08-31T11:38:00+09:00,97,6813,0.25916666666666666,POOR,False
KRW-OPG,1786889220,1789649280,2026-08-16T23:07:00+09:00,2026-09-17T21:48:00+09:00,9363,70,2026-08-30T09:52:00+09:00,2026-08-30T11:02:00+09:00,149,5439,0.25527777777777777,POOR,False
KRW-ORBS,1786892940,1789651680,2026-08-17T00:09:00+09:00,2026-09-17T22:28:00+09:00,10746,249,2026-09-09T09:49:00+09:00,2026-09-09T13:58:00+09:00,207,5434,0.19,POOR,False
KRW-ORCA,1786890240,1789651680,2026-08-16T23:24:00+09:00,2026-09-17T22:28:00+09:00,15326,533,2026-09-07T08:55:00+09:00,2026-09-07T17:48:00+09:00,138,5948,0.3030555555555556,POOR,False
KRW-ORDER,1786889220,1789650600,2026-08-16T23:07:00+09:00,2026-09-17T22:10:00+09:00,11947,153,2026-09-10T21:33:00+09:00,2026-09-11T00:06:00+09:00,135,6060,0.18430555555555556,POOR,False
KRW-PENDLE,1786891800,1789651800,2026-08-16T23:50:00+09:00,2026-09-17T22:30:00+09:00,15289,140,2026-08-23T22:02:00+09:00,2026-08-24T00:22:00+09:00,117,7687,0.42194444444444446,POOR,False
KRW-PENGU,1786890000,1789651800,2026-08-16T23:20:00+09:00,2026-09-17T22:30:00+09:00,24109,169,2026-08-20T20:14:00+09:00,2026-08-20T23:03:00+09:00,84,8372,0.7538888888888889,POOR,False
KRW-PEPE,1786889160,1789651800,2026-08-16T23:06:00+09:00,2026-09-17T22:30:00+09:00,23620,214,2026-08-22T06:51:00+09:00,2026-08-22T10:25:00+09:00,51,8488,0.7745833333333333,POOR,False
KRW-PIEVERSE,1786889160,1789651740,2026-08-16T23:06:00+09:00,2026-09-17T22:29:00+09:00,23565,336,2026-09-07T20:34:00+09:00,2026-09-08T02:10:00+09:00,50,7939,0.59375,POOR,False
KRW-PLUME,1786889160,1789651560,2026-08-16T23:06:00+09:00,2026-09-17T22:26:00+09:00,15013,118,2026-09-11T16:59:00+09:00,2026-09-11T18:57:00+09:00,54,7926,0.3958333333333333,POOR,False
KRW-POKT,1786889280,1789651800,2026-08-16T23:08:00+09:00,2026-09-17T22:30:00+09:00,12251,83,2026-09-14T18:20:00+09:00,2026-09-14T19:43:00+09:00,131,6310,0.2776388888888889,POOR,False
KRW-POL,1786889460,1789651740,2026-08-16T23:11:00+09:00,2026-09-17T22:29:00+09:00,20673,213,2026-08-22T15:04:00+09:00,2026-08-22T18:37:00+09:00,76,8739,0.6569444444444444,POOR,False
KRW-POLYX,1786889160,1789651740,2026-08-16T23:06:00+09:00,2026-09-17T22:29:00+09:00,14110,492,2026-09-13T08:57:00+09:00,2026-09-13T17:09:00+09:00,166,6359,0.2926388888888889,POOR,False
KRW-POWR,1786889460,1789651620,2026-08-16T23:11:00+09:00,2026-09-17T22:27:00+09:00,14671,1021,2026-09-13T08:58:00+09:00,2026-09-14T01:59:00+09:00,178,5645,0.3813888888888889,POOR,False
KRW-PRL,1786889160,1789651620,2026-08-16T23:06:00+09:00,2026-09-17T22:27:00+09:00,28858,736,2026-08-19T17:58:00+09:00,2026-08-20T06:14:00+09:00,56,6670,0.7731944444444444,POOR,False
KRW-PROM,1786889160,1789651800,2026-08-16T23:06:00+09:00,2026-09-17T22:30:00+09:00,37514,1732,2026-08-29T22:34:00+09:00,2026-08-31T03:26:00+09:00,29,4469,0.84125,USABLE,False
KRW-PROS,1786889520,1789651740,2026-08-16T23:12:00+09:00,2026-09-17T22:29:00+09:00,13169,316,2026-09-09T12:21:00+09:00,2026-09-09T17:37:00+09:00,210,5477,0.42819444444444443,POOR,False
KRW-PROVE,1786890720,1789651560,2026-08-16T23:32:00+09:00,2026-09-17T22:26:00+09:00,7350,49,2026-08-22T18:45:00+09:00,2026-08-22T19:34:00+09:00,225,4701,0.1988888888888889,POOR,False
KRW-PUMP,1786889520,1789651740,2026-08-16T23:12:00+09:00,2026-09-17T22:29:00+09:00,28095,653,2026-08-22T14:01:00+09:00,2026-08-23T00:54:00+09:00,92,7886,0.86125,USABLE,False
KRW-PUNDIX,1786890120,1789651440,2026-08-16T23:22:00+09:00,2026-09-17T22:24:00+09:00,13460,364,2026-09-13T09:46:00+09:00,2026-09-13T15:50:00+09:00,268,5274,0.2123611111111111,POOR,False
KRW-PYTH,1786889160,1789651800,2026-08-16T23:06:00+09:00,2026-09-17T22:30:00+09:00,17172,199,2026-08-26T17:02:00+09:00,2026-08-26T20:21:00+09:00,60,7733,0.51375,POOR,False
KRW-PYUSD,1789614300,1789651800,2026-09-17T12:05:00+09:00,2026-09-17T22:30:00+09:00,626,626,2026-09-17T12:05:00+09:00,2026-09-17T22:31:00+09:00,0,0,0.0,POOR,False
KRW-QKC,1786889580,1789651740,2026-08-16T23:13:00+09:00,2026-09-17T22:29:00+09:00,12177,580,2026-09-09T07:39:00+09:00,2026-09-09T17:19:00+09:00,340,4604,0.14930555555555555,POOR,False
KRW-QTUM,1786889160,1789650960,2026-08-16T23:06:00+09:00,2026-09-17T22:16:00+09:00,12745,69,2026-08-22T08:53:00+09:00,2026-08-22T10:02:00+09:00,142,6645,0.43125,POOR,False
KRW-QUID,1786889160,1789651800,2026-08-16T23:06:00+09:00,2026-09-17T22:30:00+09:00,25657,828,2026-09-17T08:43:00+09:00,2026-09-17T22:31:00+09:00,45,8159,0.6561111111111111,POOR,False
KRW-RAY,1786896540,1789651800,2026-08-17T01:09:00+09:00,2026-09-17T22:30:00+09:00,20468,2142,2026-09-06T12:10:00+09:00,2026-09-07T23:52:00+09:00,392,4805,0.3375,POOR,False
KRW-RE,1786889160,1789651800,2026-08-16T23:06:00+09:00,2026-09-17T22:30:00+09:00,30349,699,2026-08-22T08:45:00+09:00,2026-08-22T20:24:00+09:00,31,7259,0.8868055555555555,USABLE,False
KRW-RED,1786889280,1789651800,2026-08-16T23:08:00+09:00,2026-09-17T22:30:00+09:00,15991,328,2026-08-20T13:24:00+09:00,2026-08-20T18:52:00+09:00,125,6564,0.5148611111111111,POOR,False
KRW-RENDER,1786890060,1789651800,2026-08-16T23:21:00+09:00,2026-09-17T22:30:00+09:00,16225,49,2026-08-22T13:56:00+09:00,2026-08-22T14:45:00+09:00,70,8135,0.5025,POOR,False
KRW-RLUSD,1786891680,1789648260,2026-08-16T23:48:00+09:00,2026-09-17T21:31:00+09:00,3072,21,2026-08-25T15:35:00+09:00,2026-08-25T15:56:00+09:00,380,2128,0.1527777777777778,POOR,False
KRW-RVN,1786889280,1789651740,2026-08-16T23:08:00+09:00,2026-09-17T22:29:00+09:00,24059,618,2026-09-04T12:53:00+09:00,2026-09-04T23:11:00+09:00,63,7656,0.5422222222222223,POOR,False
KRW-SAFE,1786889160,1789650420,2026-08-16T23:06:00+09:00,2026-09-17T22:07:00+09:00,6758,79,2026-09-08T18:22:00+09:00,2026-09-08T19:41:00+09:00,172,4119,0.1527777777777778,POOR,False
KRW-SAHARA,1786889160,1789651740,2026-08-16T23:06:00+09:00,2026-09-17T22:29:00+09:00,24558,196,2026-09-10T05:56:00+09:00,2026-09-10T09:12:00+09:00,65,8270,0.5741666666666667,POOR,False
KRW-SAND,1786889160,1789651620,2026-08-16T23:06:00+09:00,2026-09-17T22:27:00+09:00,28496,611,2026-08-24T14:58:00+09:00,2026-08-25T01:09:00+09:00,42,7436,0.8291666666666667,USABLE,False
KRW-SC,1786889760,1789651500,2026-08-16T23:16:00+09:00,2026-09-17T22:25:00+09:00,23919,1791,2026-09-01T09:00:00+09:00,2026-09-02T14:51:00+09:00,145,6414,0.6473611111111112,POOR,False
KRW-SEI,1786889220,1789651500,2026-08-16T23:07:00+09:00,2026-09-17T22:25:00+09:00,23393,100,2026-08-22T13:13:00+09:00,2026-08-22T14:53:00+09:00,38,9024,0.6440277777777778,POOR,False
KRW-SENT,1786893420,1789651680,2026-08-17T00:17:00+09:00,2026-09-17T22:28:00+09:00,6765,101,2026-09-15T02:26:00+09:00,2026-09-15T04:07:00+09:00,161,4219,0.17847222222222223,POOR,False
KRW-SHIB,1786889160,1789651800,2026-08-16T23:06:00+09:00,2026-09-17T22:30:00+09:00,40280,1086,2026-08-22T04:52:00+09:00,2026-08-22T22:58:00+09:00,20,4115,0.9505555555555556,GOOD,True
KRW-SIGN,1786889160,1789650420,2026-08-16T23:06:00+09:00,2026-09-17T22:07:00+09:00,14504,281,2026-09-04T18:03:00+09:00,2026-09-04T22:44:00+09:00,133,7197,0.3026388888888889,POOR,False
KRW-SKR,1786901220,1789651740,2026-08-17T02:27:00+09:00,2026-09-17T22:29:00+09:00,24749,2296,2026-08-30T14:13:00+09:00,2026-09-01T04:29:00+09:00,284,4305,0.13472222222222222,POOR,False
KRW-SKY,1786889820,1789649700,2026-08-16T23:17:00+09:00,2026-09-17T21:55:00+09:00,8147,42,2026-08-26T13:17:00+09:00,2026-08-26T13:59:00+09:00,159,5232,0.23652777777777778,POOR,False
KRW-SLX,1786889340,1789651800,2026-08-16T23:09:00+09:00,2026-09-17T22:30:00+09:00,33704,463,2026-08-28T09:01:00+09:00,2026-08-28T16:44:00+09:00,21,6632,0.8148611111111111,USABLE,False
KRW-SNT,1786892460,1789651620,2026-08-17T00:01:00+09:00,2026-09-17T22:27:00+09:00,19771,514,2026-08-17T09:23:00+09:00,2026-08-17T17:57:00+09:00,125,6653,0.45875,POOR,False
KRW-SOMI,1786895520,1789651800,2026-08-17T00:52:00+09:00,2026-09-17T22:30:00+09:00,10023,126,2026-08-31T21:15:00+09:00,2026-08-31T23:21:00+09:00,120,5423,0.1502777777777778,POOR,False
KRW-SONIC,1786889340,1789651740,2026-08-16T23:09:00+09:00,2026-09-17T22:29:00+09:00,16341,167,2026-09-07T09:11:00+09:00,2026-09-07T11:58:00+09:00,108,7357,0.3476388888888889,POOR,False
KRW-SOON,1786889220,1789651620,2026-08-16T23:07:00+09:00,2026-09-17T22:27:00+09:00,9338,61,2026-09-13T12:33:00+09:00,2026-09-13T13:34:00+09:00,150,5687,0.2927777777777778,POOR,False
KRW-SOPH,1786889760,1789651800,2026-08-16T23:16:00+09:00,2026-09-17T22:30:00+09:00,27915,1370,2026-09-08T04:36:00+09:00,2026-09-09T03:26:00+09:00,76,5506,0.2966666666666667,POOR,False
KRW-SPK,1786889820,1789651560,2026-08-16T23:17:00+09:00,2026-09-17T22:26:00+09:00,14640,329,2026-08-24T02:29:00+09:00,2026-08-24T07:58:00+09:00,188,6511,0.5727777777777778,POOR,False
KRW-SPX,1786889520,1789650540,2026-08-16T23:12:00+09:00,2026-09-17T22:09:00+09:00,9416,76,2026-09-04T18:25:00+09:00,2026-09-04T19:41:00+09:00,233,5174,0.2301388888888889,POOR,False
KRW-STEEM,1786889460,1789651740,2026-08-16T23:11:00+09:00,2026-09-17T22:29:00+09:00,15830,1152,2026-09-13T08:21:00+09:00,2026-09-14T03:33:00+09:00,211,5393,0.40097222222222223,POOR,False
KRW-STRAX,1786889700,1789651800,2026-08-16T23:15:00+09:00,2026-09-17T22:30:00+09:00,13075,206,2026-09-13T21:25:00+09:00,2026-09-14T00:51:00+09:00,157,6115,0.2891666666666667,POOR,False
KRW-STX,1786889400,1789651800,2026-08-16T23:10:00+09:00,2026-09-17T22:30:00+09:00,29973,557,2026-08-26T08:27:00+09:00,2026-08-26T17:44:00+09:00,97,7226,0.8872222222222222,USABLE,False
KRW-SUI,1786889220,1789651800,2026-08-16T23:07:00+09:00,2026-09-17T22:30:00+09:00,40079,1018,2026-08-22T06:17:00+09:00,2026-08-22T23:15:00+09:00,20,3956,0.9594444444444444,GOOD,True
KRW-SUN,1786889160,1789650660,2026-08-16T23:06:00+09:00,2026-09-17T22:11:00+09:00,4137,15,2026-08-22T14:05:00+09:00,2026-08-22T14:20:00+09:00,306,2995,0.1423611111111111,POOR,False
KRW-SUPER,1786891140,1789649520,2026-08-16T23:39:00+09:00,2026-09-17T21:52:00+09:00,5775,197,2026-08-24T21:51:00+09:00,2026-08-25T01:08:00+09:00,318,3352,0.30083333333333334,POOR,False
KRW-SYRUP,1786889700,1789651680,2026-08-16T23:15:00+09:00,2026-09-17T22:28:00+09:00,8251,45,2026-09-02T23:04:00+09:00,2026-09-02T23:49:00+09:00,186,5126,0.19361111111111112,POOR,False
KRW-T,1786889520,1789651800,2026-08-16T23:12:00+09:00,2026-09-17T22:30:00+09:00,19394,1744,2026-09-02T13:36:00+09:00,2026-09-03T18:40:00+09:00,144,5806,0.2886111111111111,POOR,False
KRW-TAIKO,1786889400,1789651800,2026-08-16T23:10:00+09:00,2026-09-17T22:30:00+09:00,8996,72,2026-09-13T12:22:00+09:00,2026-09-13T13:34:00+09:00,282,5155,0.24986111111111112,POOR,False
KRW-TAO,1786892340,1789651800,2026-08-16T23:59:00+09:00,2026-09-17T22:30:00+09:00,22515,142,2026-08-27T16:56:00+09:00,2026-08-27T19:18:00+09:00,106,8816,0.6201388888888889,POOR,False
KRW-TFUEL,1786890060,1789651620,2026-08-16T23:21:00+09:00,2026-09-17T22:27:00+09:00,9842,1028,2026-09-11T09:00:00+09:00,2026-09-12T02:08:00+09:00,202,4804,0.1947222222222222,POOR,False
KRW-THETA,1786890720,1789651560,2026-08-16T23:32:00+09:00,2026-09-17T22:26:00+09:00,8376,283,2026-09-11T19:00:00+09:00,2026-09-11T23:43:00+09:00,177,4675,0.24972222222222223,POOR,False
KRW-TIA,1786890000,1789651380,2026-08-16T23:20:00+09:00,2026-09-17T22:23:00+09:00,7949,66,2026-09-07T09:06:00+09:00,2026-09-07T10:12:00+09:00,145,5023,0.22569444444444445,POOR,False
KRW-TOKAMAK,1786889580,1789650300,2026-08-16T23:13:00+09:00,2026-09-17T22:05:00+09:00,11670,121,2026-08-27T13:43:00+09:00,2026-08-27T15:44:00+09:00,217,5886,0.2723611111111111,POOR,False
KRW-TOSHI,1786891200,1789651500,2026-08-16T23:40:00+09:00,2026-09-17T22:25:00+09:00,8994,97,2026-09-10T09:47:00+09:00,2026-09-10T11:24:00+09:00,129,5329,0.3026388888888889,POOR,False
KRW-TRAC,1786889160,1789651800,2026-08-16T23:06:00+09:00,2026-09-17T22:30:00+09:00,16324,889,2026-08-23T09:20:00+09:00,2026-08-24T00:09:00+09:00,100,6163,0.62375,POOR,False
KRW-TREE,1786889280,1789651800,2026-08-16T23:08:00+09:00,2026-09-17T22:30:00+09:00,22303,660,2026-08-19T23:03:00+09:00,2026-08-20T10:03:00+09:00,93,7106,0.5227777777777778,POOR,False
KRW-TRUMP,1786889160,1789651800,2026-08-16T23:06:00+09:00,2026-09-17T22:30:00+09:00,41081,4564,2026-08-27T16:23:00+09:00,2026-08-30T20:27:00+09:00,48,1801,0.9894444444444445,GOOD,True
KRW-TRUST,1786889520,1789651680,2026-08-16T23:12:00+09:00,2026-09-17T22:28:00+09:00,10277,60,2026-08-30T17:59:00+09:00,2026-08-30T18:59:00+09:00,116,5941,0.2548611111111111,POOR,False
KRW-UNI,1786889280,1789651800,2026-08-16T23:08:00+09:00,2026-09-17T22:30:00+09:00,31774,270,2026-09-02T12:55:00+09:00,2026-09-02T17:25:00+09:00,31,7178,0.7,POOR,False
KRW-UP2,1786889520,1789651380,2026-08-16T23:12:00+09:00,2026-09-17T22:23:00+09:00,19080,1052,2026-09-10T08:42:00+09:00,2026-09-11T02:14:00+09:00,130,6427,0.3625,POOR,False
KRW-USD1,1786889760,1789651740,2026-08-16T23:16:00+09:00,2026-09-17T22:29:00+09:00,6933,19,2026-09-14T00:23:00+09:00,2026-09-14T00:42:00+09:00,174,4426,0.2361111111111111,POOR,False
KRW-USDE,1786898820,1789646580,2026-08-17T01:47:00+09:00,2026-09-17T21:03:00+09:00,1505,21,2026-09-15T15:20:00+09:00,2026-09-15T15:41:00+09:00,922,1151,0.0625,POOR,False
KRW-USDG,1786905720,1789650420,2026-08-17T03:42:00+09:00,2026-09-17T22:07:00+09:00,1071,19,2026-09-14T00:20:00+09:00,2026-09-14T00:39:00+09:00,958,811,0.03652777777777778,POOR,False
KRW-USDS,1786922100,1789651800,2026-08-17T08:15:00+09:00,2026-09-17T22:30:00+09:00,905,12,2026-08-22T16:59:00+09:00,2026-08-22T17:11:00+09:00,750,730,0.04763888888888889,POOR,False
KRW-VANA,1786889880,1789651200,2026-08-16T23:18:00+09:00,2026-09-17T22:20:00+09:00,14337,210,2026-09-15T15:37:00+09:00,2026-09-15T19:07:00+09:00,90,6897,0.3169444444444444,POOR,False
KRW-VET,1786889220,1789651800,2026-08-16T23:07:00+09:00,2026-09-17T22:30:00+09:00,17662,123,2026-08-27T08:10:00+09:00,2026-08-27T10:13:00+09:00,84,7951,0.45666666666666667,POOR,False
KRW-VIRTUAL,1786889340,1789651800,2026-08-16T23:09:00+09:00,2026-09-17T22:30:00+09:00,28298,200,2026-08-24T22:58:00+09:00,2026-08-25T02:18:00+09:00,35,8238,0.7468055555555555,POOR,False
KRW-VTHO,1786889160,1789651800,2026-08-16T23:06:00+09:00,2026-09-17T22:30:00+09:00,16552,2377,2026-09-10T08:55:00+09:00,2026-09-12T00:32:00+09:00,182,4013,0.25430555555555556,POOR,False
KRW-VVV,1786889700,1789651560,2026-08-16T23:15:00+09:00,2026-09-17T22:26:00+09:00,18950,1659,2026-09-08T23:00:00+09:00,2026-09-10T02:39:00+09:00,157,6868,0.4538888888888889,POOR,False
KRW-W,1786889760,1789651200,2026-08-16T23:16:00+09:00,2026-09-17T22:20:00+09:00,9188,32,2026-08-26T21:10:00+09:00,2026-08-26T21:42:00+09:00,95,5785,0.24,POOR,False
KRW-WAL,1786889220,1789651440,2026-08-16T23:07:00+09:00,2026-09-17T22:24:00+09:00,12943,66,2026-09-01T16:10:00+09:00,2026-09-01T17:16:00+09:00,193,6823,0.2709722222222222,POOR,False
KRW-WAVES,1786889940,1789651800,2026-08-16T23:19:00+09:00,2026-09-17T22:30:00+09:00,20213,803,2026-09-09T08:17:00+09:00,2026-09-09T21:40:00+09:00,134,6814,0.4901388888888889,POOR,False
KRW-WAXP,1786890120,1789651260,2026-08-16T23:22:00+09:00,2026-09-17T22:21:00+09:00,12779,239,2026-09-13T20:51:00+09:00,2026-09-14T00:50:00+09:00,167,6068,0.24583333333333332,POOR,False
KRW-WCT,1787021160,1789650660,2026-08-18T11:46:00+09:00,2026-09-17T22:11:00+09:00,9024,102,2026-08-30T18:40:00+09:00,2026-08-30T20:22:00+09:00,140,5429,0.21263888888888888,POOR,False
KRW-WET,1787061120,1789650840,2026-08-18T22:52:00+09:00,2026-09-17T22:14:00+09:00,9570,47,2026-08-22T13:59:00+09:00,2026-08-22T14:46:00+09:00,129,5661,0.3308333333333333,POOR,False
KRW-WIF,1787063220,1789650900,2026-08-18T23:27:00+09:00,2026-09-17T22:15:00+09:00,4248,47,2026-08-22T12:44:00+09:00,2026-08-22T13:31:00+09:00,246,2731,0.2336111111111111,POOR,False
KRW-WLD,1787059860,1789651800,2026-08-18T22:31:00+09:00,2026-09-17T22:30:00+09:00,36688,837,2026-09-08T06:02:00+09:00,2026-09-08T19:59:00+09:00,21,4494,0.9325,USABLE,True
KRW-WLFI,1787059860,1789651800,2026-08-18T22:31:00+09:00,2026-09-17T22:30:00+09:00,21145,398,2026-08-22T11:32:00+09:00,2026-08-22T18:10:00+09:00,63,7827,0.7647222222222222,POOR,False
KRW-XAUT,1787059860,1789650960,2026-08-18T22:31:00+09:00,2026-09-17T22:16:00+09:00,10654,18,2026-09-09T07:56:00+09:00,2026-09-09T08:14:00+09:00,74,6265,0.3486111111111111,POOR,False
KRW-XCN,1787059980,1789651380,2026-08-18T22:33:00+09:00,2026-09-17T22:23:00+09:00,12349,689,2026-09-04T13:13:00+09:00,2026-09-05T00:42:00+09:00,174,4684,0.2648611111111111,POOR,False
KRW-XEC,1787059920,1789651560,2026-08-18T22:32:00+09:00,2026-09-17T22:26:00+09:00,16513,305,2026-08-20T08:58:00+09:00,2026-08-20T14:03:00+09:00,63,7610,0.5444444444444444,POOR,False
KRW-XLM,1787059860,1789651800,2026-08-18T22:31:00+09:00,2026-09-17T22:30:00+09:00,37817,1153,2026-08-22T05:58:00+09:00,2026-08-23T01:11:00+09:00,14,3756,0.9597222222222223,GOOD,True
KRW-XPL,1787059920,1789651680,2026-08-18T22:32:00+09:00,2026-09-17T22:28:00+09:00,22789,145,2026-08-23T23:54:00+09:00,2026-08-24T02:19:00+09:00,54,7976,0.6358333333333334,POOR,False
KRW-XTZ,1787059980,1789649640,2026-08-18T22:33:00+09:00,2026-09-17T21:54:00+09:00,9706,66,2026-09-09T20:17:00+09:00,2026-09-09T21:23:00+09:00,124,5452,0.23791666666666667,POOR,False
KRW-YGG,1787060160,1789649100,2026-08-18T22:36:00+09:00,2026-09-17T21:45:00+09:00,7232,152,2026-09-07T08:58:00+09:00,2026-09-07T11:30:00+09:00,210,4411,0.19833333333333333,POOR,False
KRW-ZAMA,1787059920,1789651800,2026-08-18T22:32:00+09:00,2026-09-17T22:30:00+09:00,13087,361,2026-09-06T18:43:00+09:00,2026-09-07T00:44:00+09:00,162,6145,0.5152777777777777,POOR,False
KRW-ZBT,1787059920,1789651260,2026-08-18T22:32:00+09:00,2026-09-17T22:21:00+09:00,16385,104,2026-08-30T18:15:00+09:00,2026-08-30T19:59:00+09:00,82,7250,0.5068055555555555,POOR,False
KRW-ZETA,1787061000,1789651260,2026-08-18T22:50:00+09:00,2026-09-17T22:21:00+09:00,8495,81,2026-09-13T23:00:00+09:00,2026-09-14T00:21:00+09:00,141,5102,0.24722222222222223,POOR,False
KRW-ZIL,1787060220,1789651800,2026-08-18T22:37:00+09:00,2026-09-17T22:30:00+09:00,17889,489,2026-09-16T15:38:00+09:00,2026-09-16T23:47:00+09:00,108,6233,0.4334722222222222,POOR,False
KRW-ZK,1787060880,1789650720,2026-08-18T22:48:00+09:00,2026-09-17T22:12:00+09:00,12824,210,2026-08-30T18:13:00+09:00,2026-08-30T21:43:00+09:00,84,5741,0.24458333333333335,POOR,False
KRW-ZKC,1787062800,1789651800,2026-08-18T23:20:00+09:00,2026-09-17T22:30:00+09:00,17505,2211,2026-08-30T11:36:00+09:00,2026-09-01T00:27:00+09:00,107,6152,0.2551388888888889,POOR,False
KRW-ZKP,1787060400,1789651140,2026-08-18T22:40:00+09:00,2026-09-17T22:19:00+09:00,18175,1178,2026-08-30T06:34:00+09:00,2026-08-31T02:12:00+09:00,83,6476,0.345,POOR,False
KRW-ZORA,1787060400,1789651560,2026-08-18T22:40:00+09:00,2026-09-17T22:26:00+09:00,22556,1318,2026-08-31T04:42:00+09:00,2026-09-01T02:40:00+09:00,138,6783,0.6818055555555556,POOR,False
KRW-ZRO,1787059860,1789651140,2026-08-18T22:31:00+09:00,2026-09-17T22:19:00+09:00,20266,314,2026-08-25T22:00:00+09:00,2026-08-26T03:14:00+09:00,60,7435,0.6194444444444445,POOR,False
KRW-ZRX,1787060100,1789651740,2026-08-18T22:35:00+09:00,2026-09-17T22:29:00+09:00,7607,36,2026-09-13T10:17:00+09:00,2026-09-13T10:53:00+09:00,216,4611,0.21263888888888888,POOR,False
