date,full_calendar_day_in_global_span,markets_with_data,candles,coverage_80,coverage_90,coverage_95,coverage_100
2026-08-16,False,223,2747,0,0,0,0
2026-08-17,True,249,81193,9,5,3,0
2026-08-18,True,271,92842,9,2,2,0
2026-08-19,True,271,89946,10,4,1,0
2026-08-20,True,271,144025,25,12,9,0
2026-08-21,True,272,175032,30,17,11,0
2026-08-22,True,272,202475,39,22,11,0
2026-08-23,True,273,150320,18,13,6,1
2026-08-24,True,274,144064,20,10,3,1
2026-08-25,True,274,146263,22,12,5,0
2026-08-26,True,275,136257,19,12,5,0
2026-08-27,True,275,136690,16,9,5,1
2026-08-28,True,276,134316,18,6,4,1
2026-08-29,True,276,113654,13,7,4,1
2026-08-30,True,276,110572,12,7,5,1
2026-08-31,True,276,151659,23,12,6,2
2026-09-01,True,276,137927,20,10,5,0
2026-09-02,True,276,140679,21,8,4,0
2026-09-03,True,276,130165,14,5,4,0
2026-09-04,True,276,144632,22,10,4,0
2026-09-05,True,276,116630,14,8,5,0
2026-09-06,True,276,128884,18,11,3,1
2026-09-07,True,276,141112,22,7,5,0
2026-09-08,True,277,148469,24,10,4,0
2026-09-09,True,277,145899,21,9,7,1
2026-09-10,True,278,164213,23,15,9,1
2026-09-11,True,278,143753,22,8,6,1
2026-09-12,True,278,128270,18,8,3,0
2026-09-13,True,278,162507,21,6,4,1
2026-09-14,True,278,170417,27,14,9,1
2026-09-15,True,278,159075,20,14,6,1
2026-09-16,True,278,152396,23,12,8,0
2026-09-17,False,280,133577,15,5,0,0
