market,mean_daily_trade_value,age_30d_pass,full_prior_7days,stable_excluded,prior_24h_coverage,trade_value_rank
KRW-XRP,281192099929.76715,True,True,False,1.0,1
KRW-USDT,185629529743.12085,True,True,True,0.9965277777777778,2
KRW-TRUMP,132349368322.76376,True,True,False,0.9916666666666667,3
KRW-ETH,108597433646.29793,True,True,False,1.0,4
KRW-PROM,79490601063.49329,False,True,False,0.9972222222222222,5
KRW-ONG,56022329641.65314,True,True,False,0.9472222222222222,6
KRW-SOL,55555619294.44512,True,True,False,0.9923611111111111,7
KRW-ENA,26779123543.50763,True,True,False,0.8534722222222222,8
KRW-DOGE,23191466267.70766,True,True,False,0.90625,9
KRW-ONDO,21474754819.679226,True,True,False,0.9076388888888889,10
KRW-META2,18677530637.45912,True,True,False,0.5118055555555555,11
KRW-ZKC,17378747341.27489,True,True,False,1.0,12
KRW-SKR,16885860914.824587,True,True,False,1.0,13
KRW-DOS,16714332344.926407,False,True,False,0.9729166666666667,14
KRW-XLM,16633368762.74779,True,True,False,0.8458333333333333,15
KRW-SUI,15954539178.737812,True,True,False,0.8930555555555556,16
KRW-STX,15749076476.294085,True,True,False,0.7388888888888889,17
KRW-ONT,15608603759.539099,True,True,False,0.5944444444444444,18
KRW-MANTRA,15371690703.464127,True,True,False,0.7236111111111111,19
KRW-GRVT,14333915975.08714,False,True,False,0.7416666666666667,20
KRW-ZKP,14316382316.023235,True,True,False,0.9875,21
KRW-WLD,13090436790.197004,True,True,False,0.8222222222222222,22
KRW-FOLD,13026635739.101116,False,True,False,0.7701388888888889,23
KRW-ADA,11767518786.32284,True,True,False,0.8076388888888889,24
KRW-LIT,11034450815.457684,False,True,False,0.4708333333333333,25
KRW-SLX,10431067907.7177,True,True,False,0.8465277777777778,26
KRW-RE,9567158784.288218,True,True,False,0.7027777777777777,27
KRW-GAS,8494651814.830544,True,True,False,0.5923611111111111,28
KRW-DRV,8405501249.328393,True,True,False,0.28541666666666665,29
KRW-CHIP,8340547563.333536,True,True,False,0.6159722222222223,30
KRW-SHIB,6834075860.537279,True,True,False,0.8979166666666667,31
KRW-NEAR,6532356899.188105,True,True,False,0.7777777777777778,32
KRW-LINK,6343875774.334015,True,True,False,0.7756944444444445,33
KRW-ZRO,6295904770.873586,True,True,False,0.43125,34
KRW-AUCTION,6273987451.880987,True,True,False,0.9451388888888889,35
KRW-VIRTUAL,6179346174.4593525,True,True,False,0.5451388888888888,36
KRW-EUL,6174226989.164418,True,True,False,0.5972222222222222,37
KRW-BEAM,5988017451.652372,True,True,False,0.36666666666666664,38
KRW-SAND,5862138123.440781,True,True,False,0.6854166666666667,39
KRW-XPL,5486310608.85689,True,True,False,0.5361111111111111,40
KRW-TRAC,5433152965.000334,True,True,False,0.31527777777777777,41
KRW-PUMP,5370812320.100766,True,True,False,0.61875,42
KRW-MLK,5367560712.574944,True,True,False,0.3701388888888889,43
KRW-HOME,5150271285.307779,False,True,False,0.6805555555555556,44
KRW-BCH,4992598688.945678,True,True,False,0.6430555555555556,45
KRW-QUID,4991448922.127109,False,True,False,0.5527777777777778,46
KRW-ZORA,4799766477.151777,True,True,False,0.9493055555555555,47
KRW-PENGU,4738569525.9117,True,True,False,0.47291666666666665,48
KRW-MOVE,4536653321.904647,True,True,False,0.5284722222222222,49
KRW-O,4521680399.981802,True,True,False,0.6340277777777777,50
KRW-UNI,4252133191.0038667,True,True,False,0.8604166666666667,51
KRW-WLFI,4193009108.4508014,True,True,False,0.49166666666666664,52
KRW-SNT,4113826192.576711,True,True,False,0.2972222222222222,53
KRW-FLUID,3650800407.455568,True,True,False,0.24375,54
KRW-HBAR,3648594562.8112793,True,True,False,0.5048611111111111,55
KRW-ENS,3465996280.1944757,True,True,False,0.6923611111111111,56
KRW-LSK,3387481888.094539,True,True,False,0.27708333333333335,57
KRW-ERA,3303135020.4240847,True,True,False,0.9291666666666667,58
KRW-AAVE,3132480143.5299935,True,True,False,0.47847222222222224,59
KRW-MINA,3094015104.877567,True,True,False,0.3076388888888889,60
KRW-AVAX,2870558757.2417145,True,True,False,0.5805555555555556,61
KRW-PYTH,2755538121.661405,True,True,False,0.33541666666666664,62
KRW-TRX,2745616310.2359047,True,True,False,0.7659722222222223,63
KRW-ETC,2722885513.4456053,True,True,False,0.6256944444444444,64
KRW-RVN,2715697574.7762785,True,True,False,0.6048611111111111,65
KRW-POL,2706759786.9446273,True,True,False,0.6180555555555556,66
KRW-TAO,2693334836.1021924,True,True,False,0.38125,67
KRW-APT,2606921756.8884163,True,True,False,0.5777777777777777,68
KRW-USDC,2513638344.654775,True,True,True,0.39375,69
KRW-CAP,2495946502.736886,False,True,False,0.4388888888888889,70
KRW-VET,2420402916.358498,True,True,False,0.4111111111111111,71
KRW-LA,2383821105.099728,True,True,False,0.8972222222222223,72
KRW-ZK,2382169209.274091,True,True,False,0.8354166666666667,73
KRW-ZBT,2341071437.2023025,True,True,False,0.6548611111111111,74
KRW-KERNEL,2323915878.159125,True,True,False,0.4875,75
KRW-PIEVERSE,2308323879.6959643,True,True,False,0.4395833333333333,76
KRW-FF,2251372025.312998,True,True,False,0.2222222222222222,77
KRW-SAHARA,2241648790.8267264,True,True,False,0.575,78
KRW-BLEND,2209769921.357396,True,True,False,0.47430555555555554,79
KRW-ARB,2205378151.760099,True,True,False,0.35625,80
KRW-KAITO,2166712402.3989,True,True,False,0.6465277777777778,81
KRW-JTO,2145914405.6584625,True,True,False,0.5354166666666667,82
KRW-ORBS,2109746921.5652595,True,True,False,0.29444444444444445,83
KRW-PEPE,2108385770.7565532,True,True,False,0.6069444444444444,84
KRW-SUPER,1994986041.6780312,True,True,False,0.08472222222222223,85
KRW-B3,1924436118.8256183,True,True,False,0.41597222222222224,86
KRW-DKA,1873861608.6007233,True,True,False,0.43125,87
KRW-SPK,1862745562.0709994,True,True,False,0.2902777777777778,88
KRW-PROS,1836144428.310115,True,True,False,0.17430555555555555,89
KRW-KITE,1830092826.119587,True,True,False,0.41805555555555557,90
KRW-DATA,1829824112.1731744,True,True,False,0.6097222222222223,91
KRW-JUP,1814634411.788984,True,True,False,0.3819444444444444,92
KRW-BLAST,1789492994.8650527,True,True,False,0.24791666666666667,93
KRW-ARX,1776103927.3188615,True,True,False,0.3215277777777778,94
KRW-HOLO,1775021510.620953,True,True,False,0.3625,95
KRW-ENSO,1744463317.0031838,True,True,False,0.5645833333333333,96
KRW-SEI,1742923702.9014735,True,True,False,0.4756944444444444,97
KRW-ME,1717722510.175651,True,True,False,0.6368055555555555,98
KRW-SC,1676040879.4232767,True,True,False,0.29444444444444445,99
KRW-ALGO,1609885455.0818846,True,True,False,0.3611111111111111,100
